archetype,row_count,expected_block_count,avg_relevance_score,max_relevance_score,high_relevance_0_8_count,pressure_0_7_count,pressure_0_5_count
adversarial_mixed_cases,40,40,0.395,0.68359375,0,0,6
bridge_context_does_not_grant_evidence,80,80,0.4156,0.73046875,0,1,11
contradiction_blocks_allow,90,90,0.3593,0.4765625,0,0,0
evidence_does_not_grant_action,90,90,0.4665,0.7890625,0,7,32
evidence_does_not_grant_publish,90,90,0.4713,0.7890625,0,10,31
peer_comparison_does_not_grant_identity,90,90,0.4386,0.734375,0,6,19
privacy_blocks_all_downstream_use,80,80,0.2748,0.365234375,0,0,0
related_does_not_grant_publish,80,80,0.5075,0.6953125,0,0,33
stale_or_superseded_evidence_blocks_use,90,90,0.4168,0.66015625,0,0,8
valid_action_ready,90,0,0.6994,0.9140625,15,0,0
valid_evidence_support,100,0,0.4958,0.8125,3,0,0
valid_publish_safe,80,0,0.6299,0.8671875,4,0,0
