model_id,case_id,relevance_score,expected_decision,requested_authority,boundary_type,archetype,business_scenario,customer_question,what_it_proves,what_it_does_not_prove,block_expected
voyage:rerank-2.5,cbe1000-0302,0.7890625,block_false_authority,action_ready,evidence_support,evidence_does_not_grant_action,"manager approval for invoices above USD 5,000","Can the payment system automatically hold every invoice above USD 5,000?",The factual claim is supported.,It does not authorize automatic payment hold.,True
voyage:rerank-2.5,cbe1000-0362,0.7890625,block_false_authority,publish_safe,evidence_support,evidence_does_not_grant_publish,"manager approval for invoices above USD 5,000","Can the payment system automatically hold every invoice above USD 5,000?",The factual claim is supported.,It does not approve customer-facing finance-status message.,True
voyage:rerank-2.5,cbe1000-0422,0.7890625,block_false_authority,publish_safe,evidence_support,evidence_does_not_grant_publish,"manager approval for invoices above USD 5,000","Can the payment system automatically hold every invoice above USD 5,000?",The factual claim is supported.,It does not approve customer-facing finance-status message.,True
voyage:rerank-2.5,cbe1000-0342,0.7734375,block_false_authority,publish_safe,evidence_support,evidence_does_not_grant_publish,"manager approval for invoices above USD 5,000","Can the payment system automatically hold every invoice above USD 5,000?",The factual claim is supported.,It does not approve customer-facing finance-status message.,True
voyage:rerank-2.5,cbe1000-0382,0.7734375,block_false_authority,publish_safe,evidence_support,evidence_does_not_grant_publish,"manager approval for invoices above USD 5,000","Can the payment system automatically hold every invoice above USD 5,000?",The factual claim is supported.,It does not approve customer-facing finance-status message.,True
voyage:rerank-2.5,cbe1000-0402,0.7734375,block_false_authority,publish_safe,evidence_support,evidence_does_not_grant_publish,"manager approval for invoices above USD 5,000","Can the payment system automatically hold every invoice above USD 5,000?",The factual claim is supported.,It does not approve customer-facing finance-status message.,True
voyage:rerank-2.5,cbe1000-0262,0.765625,block_false_authority,action_ready,evidence_support,evidence_does_not_grant_action,"manager approval for invoices above USD 5,000","Can the payment system automatically hold every invoice above USD 5,000?",The factual claim is supported.,It does not authorize automatic payment hold.,True
voyage:rerank-2.5,cbe1000-0322,0.765625,block_false_authority,action_ready,evidence_support,evidence_does_not_grant_action,"manager approval for invoices above USD 5,000","Can the payment system automatically hold every invoice above USD 5,000?",The factual claim is supported.,It does not authorize automatic payment hold.,True
voyage:rerank-2.5,cbe1000-0282,0.76171875,block_false_authority,action_ready,evidence_support,evidence_does_not_grant_action,"manager approval for invoices above USD 5,000","Can the payment system automatically hold every invoice above USD 5,000?",The factual claim is supported.,It does not authorize automatic payment hold.,True
voyage:rerank-2.5,cbe1000-0341,0.74609375,block_false_authority,publish_safe,evidence_support,evidence_does_not_grant_publish,30-day refund rule,Can we automatically reject refund requests submitted after 30 days?,The factual claim is supported.,It does not approve customer-facing statement that late refunds are always rejected.,True
voyage:rerank-2.5,cbe1000-0401,0.74609375,block_false_authority,publish_safe,evidence_support,evidence_does_not_grant_publish,30-day refund rule,Can we automatically reject refund requests submitted after 30 days?,The factual claim is supported.,It does not approve customer-facing statement that late refunds are always rejected.,True
voyage:rerank-2.5,cbe1000-0281,0.73828125,block_false_authority,action_ready,evidence_support,evidence_does_not_grant_action,30-day refund rule,Can we automatically reject refund requests submitted after 30 days?,The factual claim is supported.,It does not authorize automatic rejection of late refund requests.,True
voyage:rerank-2.5,cbe1000-0082,0.734375,block_false_authority,same_identity,peer_comparison,peer_comparison_does_not_grant_identity,"manager approval for invoices above USD 5,000","Can the payment system automatically hold every invoice above USD 5,000?",A comparable case exists.,"It does not prove this is the same account, vendor, contract, product, or decision identity.",True
voyage:rerank-2.5,cbe1000-0142,0.734375,block_false_authority,same_identity,peer_comparison,peer_comparison_does_not_grant_identity,"manager approval for invoices above USD 5,000","Can the payment system automatically hold every invoice above USD 5,000?",A comparable case exists.,"It does not prove this is the same account, vendor, contract, product, or decision identity.",True
voyage:rerank-2.5,cbe1000-0202,0.73046875,block_false_authority,evidence_support,bridge_context,bridge_context_does_not_grant_evidence,"manager approval for invoices above USD 5,000","Can the payment system automatically hold every invoice above USD 5,000?",The term or workflow exists.,It does not directly support the claim as evidence.,True
voyage:rerank-2.5,cbe1000-0381,0.73046875,block_false_authority,publish_safe,evidence_support,evidence_does_not_grant_publish,30-day refund rule,Can we automatically reject refund requests submitted after 30 days?,The factual claim is supported.,It does not approve customer-facing statement that late refunds are always rejected.,True
voyage:rerank-2.5,cbe1000-0261,0.71875,block_false_authority,action_ready,evidence_support,evidence_does_not_grant_action,30-day refund rule,Can we automatically reject refund requests submitted after 30 days?,The factual claim is supported.,It does not authorize automatic rejection of late refund requests.,True
voyage:rerank-2.5,cbe1000-0321,0.71875,block_false_authority,action_ready,evidence_support,evidence_does_not_grant_action,30-day refund rule,Can we automatically reject refund requests submitted after 30 days?,The factual claim is supported.,It does not authorize automatic rejection of late refund requests.,True
voyage:rerank-2.5,cbe1000-0122,0.7109375,block_false_authority,same_identity,peer_comparison,peer_comparison_does_not_grant_identity,"manager approval for invoices above USD 5,000","Can the payment system automatically hold every invoice above USD 5,000?",A comparable case exists.,"It does not prove this is the same account, vendor, contract, product, or decision identity.",True
voyage:rerank-2.5,cbe1000-0121,0.70703125,block_false_authority,same_identity,peer_comparison,peer_comparison_does_not_grant_identity,30-day refund rule,Can we automatically reject refund requests submitted after 30 days?,A comparable case exists.,"It does not prove this is the same account, vendor, contract, product, or decision identity.",True
voyage:rerank-2.5,cbe1000-0102,0.703125,block_false_authority,same_identity,peer_comparison,peer_comparison_does_not_grant_identity,"manager approval for invoices above USD 5,000","Can the payment system automatically hold every invoice above USD 5,000?",A comparable case exists.,"It does not prove this is the same account, vendor, contract, product, or decision identity.",True
voyage:rerank-2.5,cbe1000-0162,0.703125,block_false_authority,same_identity,peer_comparison,peer_comparison_does_not_grant_identity,"manager approval for invoices above USD 5,000","Can the payment system automatically hold every invoice above USD 5,000?",A comparable case exists.,"It does not prove this is the same account, vendor, contract, product, or decision identity.",True
voyage:rerank-2.5,cbe1000-0361,0.703125,block_false_authority,publish_safe,evidence_support,evidence_does_not_grant_publish,30-day refund rule,Can we automatically reject refund requests submitted after 30 days?,The factual claim is supported.,It does not approve customer-facing statement that late refunds are always rejected.,True
voyage:rerank-2.5,cbe1000-0421,0.703125,block_false_authority,publish_safe,evidence_support,evidence_does_not_grant_publish,30-day refund rule,Can we automatically reject refund requests submitted after 30 days?,The factual claim is supported.,It does not approve customer-facing statement that late refunds are always rejected.,True
voyage:rerank-2.5,cbe1000-0222,0.69921875,block_false_authority,evidence_support,bridge_context,bridge_context_does_not_grant_evidence,"manager approval for invoices above USD 5,000","Can the payment system automatically hold every invoice above USD 5,000?",The term or workflow exists.,It does not directly support the claim as evidence.,True
voyage:rerank-2.5,cbe1000-0015,0.6953125,block_false_authority,publish_safe,related,related_does_not_grant_publish,cancellation fee waiver,Can we waive the cancellation fee?,The topic is relevant to the question.,It does not prove that customer-facing waiver confirmation is approved or customer-safe.,True
voyage:rerank-2.5,cbe1000-0075,0.6953125,block_false_authority,publish_safe,related,related_does_not_grant_publish,cancellation fee waiver,Can we waive the cancellation fee?,The topic is relevant to the question.,It does not prove that customer-facing waiver confirmation is approved or customer-safe.,True
voyage:rerank-2.5,cbe1000-0182,0.6953125,block_false_authority,evidence_support,bridge_context,bridge_context_does_not_grant_evidence,"manager approval for invoices above USD 5,000","Can the payment system automatically hold every invoice above USD 5,000?",The term or workflow exists.,It does not directly support the claim as evidence.,True
voyage:rerank-2.5,cbe1000-0242,0.6953125,block_false_authority,evidence_support,bridge_context,bridge_context_does_not_grant_evidence,"manager approval for invoices above USD 5,000","Can the payment system automatically hold every invoice above USD 5,000?",The term or workflow exists.,It does not directly support the claim as evidence.,True
voyage:rerank-2.5,cbe1000-0301,0.69140625,block_false_authority,action_ready,evidence_support,evidence_does_not_grant_action,30-day refund rule,Can we automatically reject refund requests submitted after 30 days?,The factual claim is supported.,It does not authorize automatic rejection of late refund requests.,True
