pattern_id,review_status,case_count,reviewed_count,unreviewed_count,unique_event_count,unique_subject_count,priority_rank_min,priority_rank_max,example_queue_id,example_event_id,example_priority_rank,queue_id_sample,event_id_sample,existing_outcome_counts,existing_notes_code_counts,cluster_review_outcome,cluster_review_confidence,cluster_review_notes_code,cluster_review_status,review_prompt_tr,action_type,execution_verdict,observed_change_type,operator_visual_verdict,gpt_visual_review_status,official_guard_status,official_guard_reason,identity_match,price_match,seller_comparable,availability_confirmed,pdp_temporal_authority_evidence,reviewer_visible_insufficiency_marker,reviewer_visible_contradiction_marker,packet_sufficiency_label,outcome_adjudication_allowed
pattern-e4b547213be0,fully_reviewed_single_outcome,4,4,0,4,4,1,4,review-backfill-d2dc8ccd86d4d804d978365c,real-shadow-event-36173b1b67b71696f7a6aaeb,1,review-backfill-d2dc8ccd86d4d804d978365c|review-backfill-1bde575de4c014c1663d215b|review-backfill-4966fd974cfa2c414760e486|review-backfill-52710db9025152e1a6598c9f,real-shadow-event-36173b1b67b71696f7a6aaeb|real-shadow-event-c5f2c592f4428ba628f1c273|real-shadow-event-c83394f7ed37be4ff26c292b|real-shadow-event-dd80c58e0274747024c6be77,"{""correct_block"": 4}","{""masked_identity_conflict_supports_block"": 4}",,,,no_unreviewed_rows,4 case aynı paternde. Aksiyon `resolve_official_truth_identity_guard`; sistem `blocked_identity_changed` demiş. Operatör kararı `blank`. Kimlik eşleşmiyor/teyitli değil; fiyat eşleşmiyor/teyitli değil; satıcı eşleşmiyor/teyitli değil; availability eşleşmiyor/teyitli değil. PDP temporal evidence `not_observed`. Insufficiency `none`; contradiction `none`.,resolve_official_truth_identity_guard,blocked_identity_changed,identity_conflict_masked,blank,blank,official_dry_run_duplicate_target_conflict_manual_review,duplicate_target_conflict_manual_review_required,false,false,false,false,not_observed,none,none,sufficient_for_outcome_adjudication,True
pattern-d3fb046b82a3,fully_reviewed_single_outcome,10,10,0,10,10,5,144,review-backfill-18c6fc1849785806e3ede7de,real-shadow-event-01079a5596873594f07d5037,5,review-backfill-18c6fc1849785806e3ede7de|review-backfill-ef696dbb850a7681882d30c8|review-backfill-981c9d069a2cb842de0012e6|review-backfill-0d6f1d7d3304ac294059cc52|review-backfill-92606313aed9671db31ea599|review-backfill-9329d687451791da8bdf76e9|review-backfill-f81e0e2ab07ae2ec1e3ac32c|review-backfill-908dea8f316dd06281659494|review-backfill-cb998559e1667e8772ca935b|review-backfill-8140b9c90a4f3f52c953ff4f,real-shadow-event-01079a5596873594f07d5037|real-shadow-event-046feb793f1b674b22946c7b|real-shadow-event-61265c8e0b66a126b8ce9fcb|real-shadow-event-6add7f47af24070d3cdc509a|real-shadow-event-a2023ac5d69f45aa80bca149|real-shadow-event-c37f45ee603df968c4447de7|real-shadow-event-d2196b8e5806131fcbbddac0|real-shadow-event-d673ff75f8ca4a419c5bedb2|real-shadow-event-ee4b825a2700dca8e364b91c|real-shadow-event-f8461de4308de81bc213616c,"{""false_block"": 10}","{""latest_pdp_record_should_supersede_stale_record_price_change_not_block_evidence"": 10}",,,,no_unreviewed_rows,10 case aynı paternde. Aksiyon `manual_review_before_materialization`; sistem `revalidation_required` demiş. Operatör kararı `not_action_grade`. Kimlik eşleşiyor/teyitli; fiyat eşleşmiyor/teyitli değil; satıcı eşleşiyor/teyitli; availability eşleşiyor/teyitli. PDP temporal evidence `latest_pdp_review_pool_snapshot_present`. Insufficiency `none`; contradiction `none`.,manual_review_before_materialization,revalidation_required,not_action_grade_masked,not_action_grade,completed,none,none,true,false,true,true,latest_pdp_review_pool_snapshot_present,none,none,sufficient_for_outcome_adjudication,True
pattern-ef1342765ca9,fully_reviewed_single_outcome,27,27,0,27,27,7,151,review-backfill-2e345b09f8729b30771fca04,real-shadow-event-03e5a52aac3ab1188db598d7,7,review-backfill-2e345b09f8729b30771fca04|review-backfill-3357a4d2c3ba4b237a5befcc|review-backfill-5eb8948a501e6112bb51a28e|review-backfill-e4a62914d37366d9bdb75046|review-backfill-4f78c12e3a48aa1613a5e501|review-backfill-f1dbff0ddb5ceba02e884999|review-backfill-f6281c9c16341bcd35b16510|review-backfill-4c04a85ba66314f79b08cf57|review-backfill-cdf90377d24f2ca9b394fbe7|review-backfill-1e1644821de63726ec5059d7,real-shadow-event-03e5a52aac3ab1188db598d7|real-shadow-event-056dce2a1ce0876d5616a716|real-shadow-event-2215cd53d4eb98ae30ca9205|real-shadow-event-265d61cf579788d81766cf8c|real-shadow-event-2aad293b773ff253c46e4e5d|real-shadow-event-31a3ea53d2be952dcc2b182b|real-shadow-event-612964b674719499015e0bcb|real-shadow-event-65a1295d520dc78be2f1fa8c|real-shadow-event-6ca54f280ee6b1e771509b3a|real-shadow-event-6d308cfe008366fe290ca69b,"{""correct_block"": 27}","{""masked_availability_uncertain_supports_revalidation"": 27}",,,,no_unreviewed_rows,27 case aynı paternde. Aksiyon `recheck_primary_offer_availability`; sistem `revalidation_required` demiş. Operatör kararı `unknown_availability`. Kimlik eşleşiyor/teyitli; fiyat eşleşiyor/teyitli; satıcı eşleşiyor/teyitli; availability eşleşmiyor/teyitli değil. PDP temporal evidence `not_observed`. Insufficiency `none`; contradiction `none`.,recheck_primary_offer_availability,revalidation_required,availability_or_access_uncertain_masked,unknown_availability,completed,none,none,true,true,true,false,not_observed,none,none,sufficient_for_outcome_adjudication,True
pattern-74aed8e07724,fully_reviewed_single_outcome,14,14,0,14,14,8,143,review-backfill-cc53d28a1d7503ccba1857a7,real-shadow-event-0410c29ea02b5ab341846bf2,8,review-backfill-cc53d28a1d7503ccba1857a7|review-backfill-3a757cf569976b40a892da0d|review-backfill-bb439883d459e55411a183b8|review-backfill-fce8648668b63f5254783a40|review-backfill-0c8e1cd3c3308900b52619a6|review-backfill-1d1d5cdf3d4bca4e44aa4e91|review-backfill-4fece2f97ad87cecb265cb5d|review-backfill-acd97ccae6da42fd6eeae304|review-backfill-ac2cf42b0cf05a3bcf887dd2|review-backfill-4ee539b4b274c0135b979197,real-shadow-event-0410c29ea02b5ab341846bf2|real-shadow-event-1f8a64fdcf6fc1fd3efec1cb|real-shadow-event-247cb45a5dd6103bbe90a648|real-shadow-event-40b5865cc5bc9db37934e6f6|real-shadow-event-55250c53aadedd4a017577e6|real-shadow-event-7ac6887b6366945fd7c86436|real-shadow-event-a0ed1bbde601d45946cd358d|real-shadow-event-a1c385b53424a436fceaac62|real-shadow-event-afc1587a542613f674f7676a|real-shadow-event-cff35e50737a7075716e8a11,"{""correct_block"": 14}","{""masked_availability_uncertain_supports_revalidation"": 14}",,,,no_unreviewed_rows,14 case aynı paternde. Aksiyon `recheck_primary_offer_availability`; sistem `revalidation_required` demiş. Operatör kararı `unknown_availability`. Kimlik eşleşiyor/teyitli; fiyat eşleşmiyor/teyitli değil; satıcı eşleşiyor/teyitli; availability eşleşmiyor/teyitli değil. PDP temporal evidence `not_observed`. Insufficiency `none`; contradiction `none`.,recheck_primary_offer_availability,revalidation_required,availability_or_access_uncertain_masked,unknown_availability,completed,none,none,true,false,true,false,not_observed,none,none,sufficient_for_outcome_adjudication,True
pattern-f5916b24e63a,fully_reviewed_single_outcome,6,6,0,6,6,9,137,review-backfill-d5583f018eb8c7bb268ecfb8,real-shadow-event-0453126684bdbeb98a0316ff,9,review-backfill-d5583f018eb8c7bb268ecfb8|review-backfill-6af4e3db719d3797bf7da40c|review-backfill-165b7c652ea8ce972298bdd1|review-backfill-134d5d5743f45f28f2c551e8|review-backfill-ba14636f9ec61a6c9767b4d3|review-backfill-4dd34384b9f4e381bb59f08c,real-shadow-event-0453126684bdbeb98a0316ff|real-shadow-event-05c3ab7e5fb1fede67eaaf72|real-shadow-event-20c57dd88d0df39785cc6681|real-shadow-event-6a786a886d2a8e7f0635cb1f|real-shadow-event-b383e029019fb82cf2cd852e|real-shadow-event-e71e2f02ff04a18b1dd362be,"{""needs_more_evidence"": 6}","{""blocked_pdp_evidence_insufficient_for_outcome_judgment"": 6}",,,,no_unreviewed_rows,6 case aynı paternde. Aksiyon `manual_review_before_materialization`; sistem `revalidation_required` demiş. Operatör kararı `blocked_pdp`. Kimlik eşleşiyor/teyitli; fiyat eşleşmiyor/teyitli değil; satıcı eşleşiyor/teyitli; availability eşleşmiyor/teyitli değil. PDP temporal evidence `latest_pdp_review_pool_snapshot_present`. Insufficiency `none`; contradiction `none`.,manual_review_before_materialization,revalidation_required,availability_or_access_uncertain_masked,blocked_pdp,completed,none,none,true,false,true,false,latest_pdp_review_pool_snapshot_present,none,none,sufficient_for_outcome_adjudication,True
pattern-dc808deafdb0,fully_reviewed_single_outcome,4,4,0,4,4,14,126,review-backfill-e20b060a67572e2b68ea7ae7,real-shadow-event-077c84de690ab843d14ecc87,14,review-backfill-e20b060a67572e2b68ea7ae7|review-backfill-6f436d36828da30ef205a8dd|review-backfill-521116e59fc49c6a0909aa16|review-backfill-41bfe56b9b1aa03b35a1482c,real-shadow-event-077c84de690ab843d14ecc87|real-shadow-event-25f7837a99e80a983044b1ce|real-shadow-event-b850e78ce8722a5896097d65|real-shadow-event-d53d78cd157ebcae1bedb2af,"{""needs_more_evidence"": 4}","{""process_context_missing_price_change_ambiguity"": 4}",,,,no_unreviewed_rows,4 case aynı paternde. Aksiyon `manual_review_before_materialization`; sistem `revalidation_required` demiş. Operatör kararı `unknown_availability`. Kimlik eşleşiyor/teyitli; fiyat eşleşmiyor/teyitli değil; satıcı eşleşiyor/teyitli; availability eşleşiyor/teyitli. PDP temporal evidence `latest_pdp_review_pool_snapshot_present`. Insufficiency `none`; contradiction `none`.,manual_review_before_materialization,revalidation_required,availability_or_access_uncertain_masked,unknown_availability,completed,none,none,true,false,true,true,latest_pdp_review_pool_snapshot_present,none,none,sufficient_for_outcome_adjudication,True
pattern-0f71bcec0c14,fully_reviewed_single_outcome,8,8,0,8,8,16,133,review-backfill-317e2e61810caf6124da1c3f,real-shadow-event-0eba1c60000f5f76f4940aa3,16,review-backfill-317e2e61810caf6124da1c3f|review-backfill-74edd9b16e1451552f88024a|review-backfill-b9411af4b0e491cf7ea4c87d|review-backfill-5ce7b4f86f6c105a05fe2ea8|review-backfill-732e933f2711bc0eea0757d0|review-backfill-afc27a2e376147df6936ce15|review-backfill-fe1f3f5d9b1fada4409e3a5f|review-backfill-2c3099a307592553a40ec707,real-shadow-event-0eba1c60000f5f76f4940aa3|real-shadow-event-30e89d7071c59d5650eeea9c|real-shadow-event-4ae72455992aba9c8ed5a651|real-shadow-event-579146f472550bd610b1777a|real-shadow-event-6f7ea9f561ec04e98c1d3715|real-shadow-event-84dc63fd95ee38983b496d81|real-shadow-event-9233543990fd3c884ef5aa5f|real-shadow-event-df403b29dc5ab1dcbac25543,"{""false_block"": 8}","{""all_visual_flags_true_revalidation_signal_false_block"": 8}",,,,no_unreviewed_rows,8 case aynı paternde. Aksiyon `recheck_primary_offer_availability`; sistem `revalidation_required` demiş. Operatör kararı `unknown_availability`. Kimlik eşleşiyor/teyitli; fiyat eşleşiyor/teyitli; satıcı eşleşiyor/teyitli; availability eşleşiyor/teyitli. PDP temporal evidence `not_observed`. Insufficiency `none`; contradiction `revalidation_signal_conflicts_with_all_visual_flags_true`.,recheck_primary_offer_availability,revalidation_required,availability_or_access_uncertain_masked,unknown_availability,completed,none,none,true,true,true,true,not_observed,none,revalidation_signal_conflicts_with_all_visual_flags_true,sufficient_for_outcome_adjudication,True
pattern-d7a2e320b63c,fully_reviewed_single_outcome,20,20,0,20,20,17,150,review-backfill-a83d8be7c23334e7c9483b70,real-shadow-event-113ea8da953c9b3626f4f232,17,review-backfill-a83d8be7c23334e7c9483b70|review-backfill-3c42e24629d0d040c862ff2f|review-backfill-3c147caec660da0f842f531c|review-backfill-ccbf50bc03c6b5304a3a9e26|review-backfill-1516c13b305bc64867a774bc|review-backfill-084db141bfd70a1860618fff|review-backfill-e9209fe22037c79b28db6543|review-backfill-773d2cdab3c71b99e4eddf25|review-backfill-dae1434f00d6d33c868c116c|review-backfill-ed9b6b2890a080a0e705311c,real-shadow-event-113ea8da953c9b3626f4f232|real-shadow-event-1259ad423bc4bb06207036ac|real-shadow-event-212a6fd98e158b12e6e00178|real-shadow-event-230208d11c0ed6b28fd2b321|real-shadow-event-3aed48ff27dde1eafaa32baa|real-shadow-event-3e5aca12d15af4be958983fb|real-shadow-event-3eb88d55f0c27278955fdb15|real-shadow-event-3ef8d401e8eadeae934535a3|real-shadow-event-51d9f782c46bfa53550070e2|real-shadow-event-633b8d87edd263e3d4abb9a1,"{""correct_block"": 20}","{""availability_uncertain_not_action_grade_supports_revalidation"": 20}",,,,no_unreviewed_rows,20 case aynı paternde. Aksiyon `recheck_primary_offer_availability`; sistem `revalidation_required` demiş. Operatör kararı `not_action_grade`. Kimlik eşleşiyor/teyitli; fiyat eşleşiyor/teyitli; satıcı eşleşiyor/teyitli; availability eşleşmiyor/teyitli değil. PDP temporal evidence `not_observed`. Insufficiency `none`; contradiction `none`.,recheck_primary_offer_availability,revalidation_required,availability_or_access_uncertain_masked,not_action_grade,completed,none,none,true,true,true,false,not_observed,none,none,sufficient_for_outcome_adjudication,True
pattern-41d2a00de673,fully_reviewed_single_outcome,6,6,0,6,6,19,102,review-backfill-6db347fa626f9df173d9be8e,real-shadow-event-186766f3e3689e6f18651060,19,review-backfill-6db347fa626f9df173d9be8e|review-backfill-bbee9d0119965e09ce321500|review-backfill-ca5c986f2ab3d3bf314cdaaf|review-backfill-d5a4210df17a2d89e6c22233|review-backfill-c7a4692bb4c3b5c2b52d2f1e|review-backfill-8c1b02026662af614bc14c7a,real-shadow-event-186766f3e3689e6f18651060|real-shadow-event-2e90661acc743b60a45a7f5a|real-shadow-event-53f307ac20bf130be096ab68|real-shadow-event-5c31228ad7869953a5ad33db|real-shadow-event-9f378c5f82aea50f08812036|real-shadow-event-a3f367b5c910906a0d8cfb8f,"{""correct_block"": 6}","{""manual_review_correct_when_latest_pdp_flags_not_action_grade"": 6}",,,,no_unreviewed_rows,6 case aynı paternde. Aksiyon `manual_review_before_materialization`; sistem `revalidation_required` demiş. Operatör kararı `not_action_grade`. Kimlik eşleşiyor/teyitli; fiyat eşleşmiyor/teyitli değil; satıcı eşleşiyor/teyitli; availability eşleşmiyor/teyitli değil. PDP temporal evidence `latest_pdp_review_pool_snapshot_present`. Insufficiency `none`; contradiction `none`.,manual_review_before_materialization,revalidation_required,not_action_grade_masked,not_action_grade,completed,none,none,true,false,true,false,latest_pdp_review_pool_snapshot_present,none,none,sufficient_for_outcome_adjudication,True
pattern-412fe9f98739,fully_reviewed_single_outcome,4,4,0,4,4,20,136,review-backfill-dc30d2a4709f54b4e51603af,real-shadow-event-1ce9fd5026063a8a45c715d1,20,review-backfill-dc30d2a4709f54b4e51603af|review-backfill-5019f9b4972e147931cedad3|review-backfill-ef2ab2f5becc51ebb1e41499|review-backfill-2abb9c8f44a21b72d6d8a349,real-shadow-event-1ce9fd5026063a8a45c715d1|real-shadow-event-3f47d943756967bb16b44f69|real-shadow-event-a963f1dea68a6625bb5b44c8|real-shadow-event-e459434081f879e434febabe,"{""false_block"": 4}","{""all_visual_flags_true_revalidation_signal_false_block"": 4}",,,,no_unreviewed_rows,4 case aynı paternde. Aksiyon `manual_review_before_materialization`; sistem `revalidation_required` demiş. Operatör kararı `unknown_availability`. Kimlik eşleşiyor/teyitli; fiyat eşleşiyor/teyitli; satıcı eşleşiyor/teyitli; availability eşleşiyor/teyitli. PDP temporal evidence `latest_pdp_review_pool_snapshot_present`. Insufficiency `none`; contradiction `revalidation_signal_conflicts_with_all_visual_flags_true`.,manual_review_before_materialization,revalidation_required,availability_or_access_uncertain_masked,unknown_availability,completed,none,none,true,true,true,true,latest_pdp_review_pool_snapshot_present,none,revalidation_signal_conflicts_with_all_visual_flags_true,sufficient_for_outcome_adjudication,True
pattern-c75c9a488b29,fully_reviewed_single_outcome,13,13,0,13,13,21,142,review-backfill-d8318ce2282957a34154e8ba,real-shadow-event-1eaa8b7ff97842c0645f4144,21,review-backfill-d8318ce2282957a34154e8ba|review-backfill-38482839bd65deda931b15b0|review-backfill-7805c124d540f29c5f2cb085|review-backfill-d880decb0e59d6ad454cbc7b|review-backfill-8a1a34b6ba11a4b045e0759a|review-backfill-8d6f15c442ac2c20cf050d4b|review-backfill-082241e46e00396b1be4146e|review-backfill-aaeace9135c447052c5eed19|review-backfill-591e5b005376951d56afd360|review-backfill-4cbc90599082f13f99ad388d,real-shadow-event-1eaa8b7ff97842c0645f4144|real-shadow-event-23688b2eee5a281711c20d33|real-shadow-event-563d832a9418becb11cd7acc|real-shadow-event-7d806d50f1afeac6bac838af|real-shadow-event-7e5b69d894098fc70b88f741|real-shadow-event-887f0597a02e32f66daccca7|real-shadow-event-8afc5ece3298cd983d7a45ee|real-shadow-event-927af53c5afbd57e2c3bdf40|real-shadow-event-93bb6e1c325b4794564de8cf|real-shadow-event-94e321271edd6dd3612ed48e,"{""correct_block"": 13}","{""availability_recheck_correct_when_availability_unconfirmed"": 13}",,,,no_unreviewed_rows,13 case aynı paternde. Aksiyon `recheck_primary_offer_availability`; sistem `revalidation_required` demiş. Operatör kararı `not_action_grade`. Kimlik eşleşiyor/teyitli; fiyat eşleşmiyor/teyitli değil; satıcı eşleşiyor/teyitli; availability eşleşmiyor/teyitli değil. PDP temporal evidence `not_observed`. Insufficiency `none`; contradiction `none`.,recheck_primary_offer_availability,revalidation_required,availability_or_access_uncertain_masked,not_action_grade,completed,none,none,true,false,true,false,not_observed,none,none,sufficient_for_outcome_adjudication,True
pattern-b539f53e372d,fully_reviewed_single_outcome,2,2,0,2,2,28,57,review-backfill-ffbcaecb82db88da3cb53d5c,real-shadow-event-23a69fa71a53b67609d2e983,28,review-backfill-ffbcaecb82db88da3cb53d5c|review-backfill-0a7f33cb956ca16f51d9070f,real-shadow-event-23a69fa71a53b67609d2e983|real-shadow-event-5c0ec092a49798eb7ae2cbc5,"{""needs_more_evidence"": 2}","{""availability_confirmation_required_before_outcome_judgment"": 2}",,,,no_unreviewed_rows,2 case aynı paternde. Aksiyon `manual_review_before_materialization`; sistem `revalidation_required` demiş. Operatör kararı `unknown_availability`. Kimlik eşleşiyor/teyitli; fiyat eşleşiyor/teyitli; satıcı eşleşiyor/teyitli; availability eşleşmiyor/teyitli değil. PDP temporal evidence `latest_pdp_review_pool_snapshot_present`. Insufficiency `none`; contradiction `none`.,manual_review_before_materialization,revalidation_required,availability_or_access_uncertain_masked,unknown_availability,completed,none,none,true,true,true,false,latest_pdp_review_pool_snapshot_present,none,none,sufficient_for_outcome_adjudication,True
pattern-144af5fdc6f7,fully_reviewed_single_outcome,12,12,0,12,12,32,119,review-backfill-626c31d3eaac926c4731726f,real-shadow-event-27ebf8bcff4411a340d192e2,32,review-backfill-626c31d3eaac926c4731726f|review-backfill-1ba43b83636340686e80bdf4|review-backfill-6203f5c6dfcf999a8de7e862|review-backfill-ac07f06ed317353757034f51|review-backfill-51a18e49f59504257ba71161|review-backfill-a8e6464dcd7258b9768845fa|review-backfill-4f68ca1db1e8a1ddf3aa7416|review-backfill-b250e4344c3b854d17962b29|review-backfill-13a46bf4d90592bc42347b41|review-backfill-b1341f9f6be1d4bffa3c406e,real-shadow-event-27ebf8bcff4411a340d192e2|real-shadow-event-35f8107fa5463e2825a8225e|real-shadow-event-3b2f8052b7ec31acf25e5e50|real-shadow-event-453cac2ad7d43b3817674f78|real-shadow-event-55e7ccff19a121ce317b48cf|real-shadow-event-640c230c9324b0a147380543|real-shadow-event-69e8c4c8a38330a0bc58e82f|real-shadow-event-892d6e1d4373466f58f2c2c2|real-shadow-event-8c25807f74852499fb41d7d8|real-shadow-event-b8b59201a0d9234e5aa26868,"{""correct_block"": 12}","{""latest_pdp_snapshot_supports_manual_review_when_availability_unconfirmed"": 12}",,,,no_unreviewed_rows,12 case aynı paternde. Aksiyon `manual_review_before_materialization`; sistem `revalidation_required` demiş. Operatör kararı `not_action_grade`. Kimlik eşleşiyor/teyitli; fiyat eşleşiyor/teyitli; satıcı eşleşiyor/teyitli; availability eşleşmiyor/teyitli değil. PDP temporal evidence `latest_pdp_review_pool_snapshot_present`. Insufficiency `none`; contradiction `none`.,manual_review_before_materialization,revalidation_required,not_action_grade_masked,not_action_grade,completed,none,none,true,true,true,false,latest_pdp_review_pool_snapshot_present,none,none,sufficient_for_outcome_adjudication,True
pattern-4d120848cf61,fully_reviewed_single_outcome,2,2,0,2,2,36,148,review-backfill-4c5ee85b8fd9c67800293def,real-shadow-event-312705c24163b14c9f23690e,36,review-backfill-4c5ee85b8fd9c67800293def|review-backfill-154b7d39e34ec4deeb6862a2,real-shadow-event-312705c24163b14c9f23690e|real-shadow-event-fd0644b1893cef4b24d72c2e,"{""needs_more_evidence"": 2}","{""fresh_pdp_required_before_stale_price_outcome_judgment"": 2}",,,,no_unreviewed_rows,2 case aynı paternde. Aksiyon `manual_review_before_materialization`; sistem `revalidation_required` demiş. Operatör kararı `stale_price`. Kimlik eşleşiyor/teyitli; fiyat eşleşmiyor/teyitli değil; satıcı eşleşiyor/teyitli; availability eşleşiyor/teyitli. PDP temporal evidence `latest_pdp_review_pool_snapshot_present`. Insufficiency `none`; contradiction `none`.,manual_review_before_materialization,revalidation_required,price_or_materialization_conflict_masked,stale_price,completed,none,none,true,false,true,true,latest_pdp_review_pool_snapshot_present,none,none,sufficient_for_outcome_adjudication,True
pattern-51d3279122d0,fully_reviewed_single_outcome,3,3,0,3,3,38,134,review-backfill-2d1cc12eca510a1bb1a35630,real-shadow-event-34ed91d59b6512110a831f79,38,review-backfill-2d1cc12eca510a1bb1a35630|review-backfill-6fc687ea15173b20e76ec1b1|review-backfill-bebe7be11c657354e4653316,real-shadow-event-34ed91d59b6512110a831f79|real-shadow-event-5c25886a5cddd1d8d088040a|real-shadow-event-e01507ba41804cf02975369c,"{""correct_block"": 3}","{""confirmed_unavailable_supports_availability_recheck"": 3}",,,,no_unreviewed_rows,3 case aynı paternde. Aksiyon `recheck_primary_offer_availability`; sistem `revalidation_required` demiş. Operatör kararı `confirmed_unavailable`. Kimlik eşleşiyor/teyitli; fiyat eşleşiyor/teyitli; satıcı eşleşiyor/teyitli; availability eşleşmiyor/teyitli değil. PDP temporal evidence `not_observed`. Insufficiency `none`; contradiction `none`.,recheck_primary_offer_availability,revalidation_required,availability_or_access_uncertain_masked,confirmed_unavailable,completed,none,none,true,true,true,false,not_observed,none,none,sufficient_for_outcome_adjudication,True
pattern-52fcdca6319a,fully_reviewed_single_outcome,8,8,0,8,8,47,128,review-backfill-4b97ae8662695667aa70cd54,real-shadow-event-4451a0ad8cd1703249d5a504,47,review-backfill-4b97ae8662695667aa70cd54|review-backfill-c3177227503b49dd163ac15b|review-backfill-52ca9b2a8514f88e6e94bb9d|review-backfill-14ff1622834669156357da40|review-backfill-df4b02c680ed02501abbab1c|review-backfill-f4f97e927b232be7c38aff25|review-backfill-672be81eca9281010f810215|review-backfill-1ab04d95aaba726cb1621ae4,real-shadow-event-4451a0ad8cd1703249d5a504|real-shadow-event-4da7c3cf8964f594f67bc85d|real-shadow-event-7c9d014f16c5ad8b86810616|real-shadow-event-921db58ecce917fab45c0549|real-shadow-event-9a9c84fd7886ab86f85e6adf|real-shadow-event-a056b253ff43cc3c6762d69b|real-shadow-event-c49d67237652dfe346c5c7b9|real-shadow-event-d5b27c8a986cfd2ef158d90c,"{""needs_more_evidence"": 8}","{""fresh_pdp_required_before_outcome_judgment"": 8}",,,,no_unreviewed_rows,8 case aynı paternde. Aksiyon `recheck_primary_offer_availability`; sistem `revalidation_required` demiş. Operatör kararı `unknown_availability`. Kimlik eşleşiyor/teyitli; fiyat eşleşmiyor/teyitli değil; satıcı eşleşiyor/teyitli; availability eşleşiyor/teyitli. PDP temporal evidence `not_observed`. Insufficiency `none`; contradiction `none`.,recheck_primary_offer_availability,revalidation_required,availability_or_access_uncertain_masked,unknown_availability,completed,none,none,true,false,true,true,not_observed,none,none,sufficient_for_outcome_adjudication,True
pattern-5d4003a67f90,fully_reviewed_single_outcome,2,2,0,2,2,80,117,review-backfill-d971e491d596c5c24220f5ca,real-shadow-event-80332d4da9ebbc9871f9ee15,80,review-backfill-d971e491d596c5c24220f5ca|review-backfill-3ca985e2d8fd16afcd8e103e,real-shadow-event-80332d4da9ebbc9871f9ee15|real-shadow-event-c4bc30635666c6d6070e5326,"{""needs_more_evidence"": 2}","{""fresh_pdp_required_before_outcome_judgment"": 2}",,,,no_unreviewed_rows,2 case aynı paternde. Aksiyon `manual_review_before_materialization`; sistem `revalidation_required` demiş. Operatör kararı `unknown_availability`. Kimlik eşleşiyor/teyitli; fiyat eşleşmiyor/teyitli değil; satıcı eşleşiyor/teyitli; availability eşleşmiyor/teyitli değil. PDP temporal evidence `latest_pdp_review_pool_snapshot_present`. Insufficiency `none`; contradiction `none`.,manual_review_before_materialization,revalidation_required,availability_or_access_uncertain_masked,unknown_availability,completed,none,none,true,false,true,false,latest_pdp_review_pool_snapshot_present,none,none,sufficient_for_outcome_adjudication,True
pattern-1b8a12cdf05e,fully_reviewed_single_outcome,1,1,0,1,1,110,110,review-backfill-06acb5675cbd8d5e26de17b9,real-shadow-event-bc369880ec47b0afc6f26701,110,review-backfill-06acb5675cbd8d5e26de17b9,real-shadow-event-bc369880ec47b0afc6f26701,"{""needs_more_evidence"": 1}","{""blocked_pdp_fresh_pdp_required_before_outcome_judgment"": 1}",,,,no_unreviewed_rows,1 case aynı paternde. Aksiyon `recheck_primary_offer_availability`; sistem `revalidation_required` demiş. Operatör kararı `blocked_pdp`. Kimlik eşleşiyor/teyitli; fiyat eşleşmiyor/teyitli değil; satıcı eşleşiyor/teyitli; availability eşleşmiyor/teyitli değil. PDP temporal evidence `not_observed`. Insufficiency `none`; contradiction `none`.,recheck_primary_offer_availability,revalidation_required,availability_or_access_uncertain_masked,blocked_pdp,completed,none,none,true,false,true,false,not_observed,none,none,sufficient_for_outcome_adjudication,True
