pattern_id,reviewer_id_hash,reviewed_at,reviewed_outcome,confidence,adjudication_status,notes_code,case_count,previous_reviewed_count,applied_unreviewed_count,example_queue_id,pattern_payload_json,internal_index_read,external_calls_used,production_truth_mutation,pattern_schema_version
pattern-f5916b24e63a,reviewer01_hsyn,2026-07-13T09:44:18+03:00,needs_more_evidence,high,cluster_reviewed_applied,blocked_pdp_evidence_insufficient_for_outcome_judgment,6,2,4,review-backfill-d5583f018eb8c7bb268ecfb8,"{""action_type"": ""manual_review_before_materialization"", ""availability_confirmed"": ""false"", ""execution_verdict"": ""revalidation_required"", ""gpt_visual_review_status"": ""completed"", ""identity_match"": ""true"", ""observed_change_type"": ""availability_or_access_uncertain_masked"", ""official_guard_reason"": ""none"", ""official_guard_status"": ""none"", ""operator_visual_verdict"": ""blocked_pdp"", ""outcome_adjudication_allowed"": ""True"", ""packet_sufficiency_label"": ""sufficient_for_outcome_adjudication"", ""pdp_temporal_authority_evidence"": ""latest_pdp_review_pool_snapshot_present"", ""price_match"": ""false"", ""reviewer_visible_contradiction_marker"": ""none"", ""reviewer_visible_insufficiency_marker"": ""none"", ""seller_comparable"": ""true""}",False,False,False,p0_pattern_v2_pdp_temporal_authority
pattern-dc808deafdb0,reviewer01_hsyn,2026-07-13T09:44:18+03:00,needs_more_evidence,high,cluster_reviewed_applied,process_context_missing_price_change_ambiguity,4,1,3,review-backfill-e20b060a67572e2b68ea7ae7,"{""action_type"": ""manual_review_before_materialization"", ""availability_confirmed"": ""true"", ""execution_verdict"": ""revalidation_required"", ""gpt_visual_review_status"": ""completed"", ""identity_match"": ""true"", ""observed_change_type"": ""availability_or_access_uncertain_masked"", ""official_guard_reason"": ""none"", ""official_guard_status"": ""none"", ""operator_visual_verdict"": ""unknown_availability"", ""outcome_adjudication_allowed"": ""True"", ""packet_sufficiency_label"": ""sufficient_for_outcome_adjudication"", ""pdp_temporal_authority_evidence"": ""latest_pdp_review_pool_snapshot_present"", ""price_match"": ""false"", ""reviewer_visible_contradiction_marker"": ""none"", ""reviewer_visible_insufficiency_marker"": ""none"", ""seller_comparable"": ""true""}",False,False,False,p0_pattern_v2_pdp_temporal_authority
pattern-d3fb046b82a3,reviewer01_hsyn,2026-07-13T09:44:18+03:00,false_block,medium,cluster_reviewed_applied,latest_pdp_record_should_supersede_stale_record_price_change_not_block_evidence,10,2,8,review-backfill-18c6fc1849785806e3ede7de,"{""action_type"": ""manual_review_before_materialization"", ""availability_confirmed"": ""true"", ""execution_verdict"": ""revalidation_required"", ""gpt_visual_review_status"": ""completed"", ""identity_match"": ""true"", ""observed_change_type"": ""not_action_grade_masked"", ""official_guard_reason"": ""none"", ""official_guard_status"": ""none"", ""operator_visual_verdict"": ""not_action_grade"", ""outcome_adjudication_allowed"": ""True"", ""packet_sufficiency_label"": ""sufficient_for_outcome_adjudication"", ""pdp_temporal_authority_evidence"": ""latest_pdp_review_pool_snapshot_present"", ""price_match"": ""false"", ""reviewer_visible_contradiction_marker"": ""none"", ""reviewer_visible_insufficiency_marker"": ""none"", ""seller_comparable"": ""true""}",False,False,False,p0_pattern_v2_pdp_temporal_authority
pattern-c75c9a488b29,reviewer01_hsyn,2026-07-13T09:44:18+03:00,correct_block,high,cluster_reviewed_applied,availability_recheck_correct_when_availability_unconfirmed,13,0,13,review-backfill-d8318ce2282957a34154e8ba,"{""action_type"": ""recheck_primary_offer_availability"", ""availability_confirmed"": ""false"", ""execution_verdict"": ""revalidation_required"", ""gpt_visual_review_status"": ""completed"", ""identity_match"": ""true"", ""observed_change_type"": ""availability_or_access_uncertain_masked"", ""official_guard_reason"": ""none"", ""official_guard_status"": ""none"", ""operator_visual_verdict"": ""not_action_grade"", ""outcome_adjudication_allowed"": ""True"", ""packet_sufficiency_label"": ""sufficient_for_outcome_adjudication"", ""pdp_temporal_authority_evidence"": ""not_observed"", ""price_match"": ""false"", ""reviewer_visible_contradiction_marker"": ""none"", ""reviewer_visible_insufficiency_marker"": ""none"", ""seller_comparable"": ""true""}",False,False,False,p0_pattern_v2_pdp_temporal_authority
pattern-b539f53e372d,reviewer01_hsyn,2026-07-13T09:44:18+03:00,needs_more_evidence,high,cluster_reviewed_applied,availability_confirmation_required_before_outcome_judgment,2,0,2,review-backfill-ffbcaecb82db88da3cb53d5c,"{""action_type"": ""manual_review_before_materialization"", ""availability_confirmed"": ""false"", ""execution_verdict"": ""revalidation_required"", ""gpt_visual_review_status"": ""completed"", ""identity_match"": ""true"", ""observed_change_type"": ""availability_or_access_uncertain_masked"", ""official_guard_reason"": ""none"", ""official_guard_status"": ""none"", ""operator_visual_verdict"": ""unknown_availability"", ""outcome_adjudication_allowed"": ""True"", ""packet_sufficiency_label"": ""sufficient_for_outcome_adjudication"", ""pdp_temporal_authority_evidence"": ""latest_pdp_review_pool_snapshot_present"", ""price_match"": ""true"", ""reviewer_visible_contradiction_marker"": ""none"", ""reviewer_visible_insufficiency_marker"": ""none"", ""seller_comparable"": ""true""}",False,False,False,p0_pattern_v2_pdp_temporal_authority
pattern-5d4003a67f90,reviewer01_hsyn,2026-07-13T09:44:18+03:00,needs_more_evidence,high,cluster_reviewed_applied,fresh_pdp_required_before_outcome_judgment,2,0,2,review-backfill-d971e491d596c5c24220f5ca,"{""action_type"": ""manual_review_before_materialization"", ""availability_confirmed"": ""false"", ""execution_verdict"": ""revalidation_required"", ""gpt_visual_review_status"": ""completed"", ""identity_match"": ""true"", ""observed_change_type"": ""availability_or_access_uncertain_masked"", ""official_guard_reason"": ""none"", ""official_guard_status"": ""none"", ""operator_visual_verdict"": ""unknown_availability"", ""outcome_adjudication_allowed"": ""True"", ""packet_sufficiency_label"": ""sufficient_for_outcome_adjudication"", ""pdp_temporal_authority_evidence"": ""latest_pdp_review_pool_snapshot_present"", ""price_match"": ""false"", ""reviewer_visible_contradiction_marker"": ""none"", ""reviewer_visible_insufficiency_marker"": ""none"", ""seller_comparable"": ""true""}",False,False,False,p0_pattern_v2_pdp_temporal_authority
pattern-52fcdca6319a,reviewer01_hsyn,2026-07-13T09:44:18+03:00,needs_more_evidence,high,cluster_reviewed_applied,fresh_pdp_required_before_outcome_judgment,8,0,8,review-backfill-4b97ae8662695667aa70cd54,"{""action_type"": ""recheck_primary_offer_availability"", ""availability_confirmed"": ""true"", ""execution_verdict"": ""revalidation_required"", ""gpt_visual_review_status"": ""completed"", ""identity_match"": ""true"", ""observed_change_type"": ""availability_or_access_uncertain_masked"", ""official_guard_reason"": ""none"", ""official_guard_status"": ""none"", ""operator_visual_verdict"": ""unknown_availability"", ""outcome_adjudication_allowed"": ""True"", ""packet_sufficiency_label"": ""sufficient_for_outcome_adjudication"", ""pdp_temporal_authority_evidence"": ""not_observed"", ""price_match"": ""false"", ""reviewer_visible_contradiction_marker"": ""none"", ""reviewer_visible_insufficiency_marker"": ""none"", ""seller_comparable"": ""true""}",False,False,False,p0_pattern_v2_pdp_temporal_authority
pattern-51d3279122d0,reviewer01_hsyn,2026-07-13T09:44:18+03:00,correct_block,high,cluster_reviewed_applied,confirmed_unavailable_supports_availability_recheck,3,0,3,review-backfill-2d1cc12eca510a1bb1a35630,"{""action_type"": ""recheck_primary_offer_availability"", ""availability_confirmed"": ""false"", ""execution_verdict"": ""revalidation_required"", ""gpt_visual_review_status"": ""completed"", ""identity_match"": ""true"", ""observed_change_type"": ""availability_or_access_uncertain_masked"", ""official_guard_reason"": ""none"", ""official_guard_status"": ""none"", ""operator_visual_verdict"": ""confirmed_unavailable"", ""outcome_adjudication_allowed"": ""True"", ""packet_sufficiency_label"": ""sufficient_for_outcome_adjudication"", ""pdp_temporal_authority_evidence"": ""not_observed"", ""price_match"": ""true"", ""reviewer_visible_contradiction_marker"": ""none"", ""reviewer_visible_insufficiency_marker"": ""none"", ""seller_comparable"": ""true""}",False,False,False,p0_pattern_v2_pdp_temporal_authority
pattern-4d120848cf61,reviewer01_hsyn,2026-07-13T09:44:18+03:00,needs_more_evidence,high,cluster_reviewed_applied,fresh_pdp_required_before_stale_price_outcome_judgment,2,0,2,review-backfill-4c5ee85b8fd9c67800293def,"{""action_type"": ""manual_review_before_materialization"", ""availability_confirmed"": ""true"", ""execution_verdict"": ""revalidation_required"", ""gpt_visual_review_status"": ""completed"", ""identity_match"": ""true"", ""observed_change_type"": ""price_or_materialization_conflict_masked"", ""official_guard_reason"": ""none"", ""official_guard_status"": ""none"", ""operator_visual_verdict"": ""stale_price"", ""outcome_adjudication_allowed"": ""True"", ""packet_sufficiency_label"": ""sufficient_for_outcome_adjudication"", ""pdp_temporal_authority_evidence"": ""latest_pdp_review_pool_snapshot_present"", ""price_match"": ""false"", ""reviewer_visible_contradiction_marker"": ""none"", ""reviewer_visible_insufficiency_marker"": ""none"", ""seller_comparable"": ""true""}",False,False,False,p0_pattern_v2_pdp_temporal_authority
pattern-41d2a00de673,reviewer01_hsyn,2026-07-13T09:44:18+03:00,correct_block,high,cluster_reviewed_applied,manual_review_correct_when_latest_pdp_flags_not_action_grade,6,0,6,review-backfill-6db347fa626f9df173d9be8e,"{""action_type"": ""manual_review_before_materialization"", ""availability_confirmed"": ""false"", ""execution_verdict"": ""revalidation_required"", ""gpt_visual_review_status"": ""completed"", ""identity_match"": ""true"", ""observed_change_type"": ""not_action_grade_masked"", ""official_guard_reason"": ""none"", ""official_guard_status"": ""none"", ""operator_visual_verdict"": ""not_action_grade"", ""outcome_adjudication_allowed"": ""True"", ""packet_sufficiency_label"": ""sufficient_for_outcome_adjudication"", ""pdp_temporal_authority_evidence"": ""latest_pdp_review_pool_snapshot_present"", ""price_match"": ""false"", ""reviewer_visible_contradiction_marker"": ""none"", ""reviewer_visible_insufficiency_marker"": ""none"", ""seller_comparable"": ""true""}",False,False,False,p0_pattern_v2_pdp_temporal_authority
pattern-412fe9f98739,reviewer01_hsyn,2026-07-13T09:44:18+03:00,false_block,high,cluster_reviewed_applied,all_visual_flags_true_revalidation_signal_false_block,4,0,4,review-backfill-dc30d2a4709f54b4e51603af,"{""action_type"": ""manual_review_before_materialization"", ""availability_confirmed"": ""true"", ""execution_verdict"": ""revalidation_required"", ""gpt_visual_review_status"": ""completed"", ""identity_match"": ""true"", ""observed_change_type"": ""availability_or_access_uncertain_masked"", ""official_guard_reason"": ""none"", ""official_guard_status"": ""none"", ""operator_visual_verdict"": ""unknown_availability"", ""outcome_adjudication_allowed"": ""True"", ""packet_sufficiency_label"": ""sufficient_for_outcome_adjudication"", ""pdp_temporal_authority_evidence"": ""latest_pdp_review_pool_snapshot_present"", ""price_match"": ""true"", ""reviewer_visible_contradiction_marker"": ""revalidation_signal_conflicts_with_all_visual_flags_true"", ""reviewer_visible_insufficiency_marker"": ""none"", ""seller_comparable"": ""true""}",False,False,False,p0_pattern_v2_pdp_temporal_authority
pattern-1b8a12cdf05e,reviewer01_hsyn,2026-07-13T09:44:18+03:00,needs_more_evidence,high,cluster_reviewed_applied,blocked_pdp_fresh_pdp_required_before_outcome_judgment,1,0,1,review-backfill-06acb5675cbd8d5e26de17b9,"{""action_type"": ""recheck_primary_offer_availability"", ""availability_confirmed"": ""false"", ""execution_verdict"": ""revalidation_required"", ""gpt_visual_review_status"": ""completed"", ""identity_match"": ""true"", ""observed_change_type"": ""availability_or_access_uncertain_masked"", ""official_guard_reason"": ""none"", ""official_guard_status"": ""none"", ""operator_visual_verdict"": ""blocked_pdp"", ""outcome_adjudication_allowed"": ""True"", ""packet_sufficiency_label"": ""sufficient_for_outcome_adjudication"", ""pdp_temporal_authority_evidence"": ""not_observed"", ""price_match"": ""false"", ""reviewer_visible_contradiction_marker"": ""none"", ""reviewer_visible_insufficiency_marker"": ""none"", ""seller_comparable"": ""true""}",False,False,False,p0_pattern_v2_pdp_temporal_authority
pattern-144af5fdc6f7,reviewer01_hsyn,2026-07-13T09:44:18+03:00,correct_block,medium,cluster_reviewed_applied,latest_pdp_snapshot_supports_manual_review_when_availability_unconfirmed,12,0,12,review-backfill-626c31d3eaac926c4731726f,"{""action_type"": ""manual_review_before_materialization"", ""availability_confirmed"": ""false"", ""execution_verdict"": ""revalidation_required"", ""gpt_visual_review_status"": ""completed"", ""identity_match"": ""true"", ""observed_change_type"": ""not_action_grade_masked"", ""official_guard_reason"": ""none"", ""official_guard_status"": ""none"", ""operator_visual_verdict"": ""not_action_grade"", ""outcome_adjudication_allowed"": ""True"", ""packet_sufficiency_label"": ""sufficient_for_outcome_adjudication"", ""pdp_temporal_authority_evidence"": ""latest_pdp_review_pool_snapshot_present"", ""price_match"": ""true"", ""reviewer_visible_contradiction_marker"": ""none"", ""reviewer_visible_insufficiency_marker"": ""none"", ""seller_comparable"": ""true""}",False,False,False,p0_pattern_v2_pdp_temporal_authority
pattern-0f71bcec0c14,reviewer01_hsyn,2026-07-13T09:44:18+03:00,false_block,high,cluster_reviewed_applied,all_visual_flags_true_revalidation_signal_false_block,8,1,7,review-backfill-317e2e61810caf6124da1c3f,"{""action_type"": ""recheck_primary_offer_availability"", ""availability_confirmed"": ""true"", ""execution_verdict"": ""revalidation_required"", ""gpt_visual_review_status"": ""completed"", ""identity_match"": ""true"", ""observed_change_type"": ""availability_or_access_uncertain_masked"", ""official_guard_reason"": ""none"", ""official_guard_status"": ""none"", ""operator_visual_verdict"": ""unknown_availability"", ""outcome_adjudication_allowed"": ""True"", ""packet_sufficiency_label"": ""sufficient_for_outcome_adjudication"", ""pdp_temporal_authority_evidence"": ""not_observed"", ""price_match"": ""true"", ""reviewer_visible_contradiction_marker"": ""revalidation_signal_conflicts_with_all_visual_flags_true"", ""reviewer_visible_insufficiency_marker"": ""none"", ""seller_comparable"": ""true""}",False,False,False,p0_pattern_v2_pdp_temporal_authority
pattern-3dc2504eb1db,reviewer01_hsyn,2026-07-13T04:18:14+03:00,correct_block,high,cluster_reviewed_applied,masked_availability_uncertain_supports_revalidation,14,1,13,review-backfill-cc53d28a1d7503ccba1857a7,"{""action_type"": ""recheck_primary_offer_availability"", ""availability_confirmed"": ""false"", ""execution_verdict"": ""revalidation_required"", ""gpt_visual_review_status"": ""completed"", ""identity_match"": ""true"", ""observed_change_type"": ""availability_or_access_uncertain_masked"", ""official_guard_reason"": ""none"", ""official_guard_status"": ""none"", ""operator_visual_verdict"": ""unknown_availability"", ""outcome_adjudication_allowed"": ""True"", ""packet_sufficiency_label"": ""sufficient_for_outcome_adjudication"", ""price_match"": ""false"", ""reviewer_visible_contradiction_marker"": ""none"", ""reviewer_visible_insufficiency_marker"": ""none"", ""seller_comparable"": ""true""}",False,False,False,legacy_pre_pdp_temporal_authority
pattern-115a5c8b92bd,reviewer01_hsyn,2026-07-13T03:26:46+03:00,correct_block,high,cluster_reviewed_applied,availability_uncertain_not_action_grade_supports_revalidation,20,1,19,review-backfill-a83d8be7c23334e7c9483b70,"{""action_type"": ""recheck_primary_offer_availability"", ""availability_confirmed"": ""false"", ""execution_verdict"": ""revalidation_required"", ""gpt_visual_review_status"": ""completed"", ""identity_match"": ""true"", ""observed_change_type"": ""availability_or_access_uncertain_masked"", ""official_guard_reason"": ""none"", ""official_guard_status"": ""none"", ""operator_visual_verdict"": ""not_action_grade"", ""outcome_adjudication_allowed"": ""True"", ""packet_sufficiency_label"": ""sufficient_for_outcome_adjudication"", ""price_match"": ""true"", ""reviewer_visible_contradiction_marker"": ""none"", ""reviewer_visible_insufficiency_marker"": ""none"", ""seller_comparable"": ""true""}",False,False,False,legacy_pre_pdp_temporal_authority
pattern-e64121d64a13,reviewer01_hsyn,2026-07-13T02:48:32+03:00,correct_block,high,cluster_reviewed_applied,masked_availability_uncertain_supports_revalidation,27,2,25,review-backfill-2e345b09f8729b30771fca04,"{""action_type"": ""recheck_primary_offer_availability"", ""availability_confirmed"": ""false"", ""execution_verdict"": ""revalidation_required"", ""gpt_visual_review_status"": ""completed"", ""identity_match"": ""true"", ""observed_change_type"": ""availability_or_access_uncertain_masked"", ""official_guard_reason"": ""none"", ""official_guard_status"": ""none"", ""operator_visual_verdict"": ""unknown_availability"", ""outcome_adjudication_allowed"": ""True"", ""packet_sufficiency_label"": ""sufficient_for_outcome_adjudication"", ""price_match"": ""true"", ""reviewer_visible_contradiction_marker"": ""none"", ""reviewer_visible_insufficiency_marker"": ""none"", ""seller_comparable"": ""true""}",False,False,False,legacy_pre_pdp_temporal_authority
