lambda_offset_sign,t_offset,F_midpoint,F_radius
-1,-0.002,-6.126972146793077e-22,2.1693046829767367e-27
-1,-0.00199,-6.052076243731084e-22,2.084046388418263e-27
-1,-0.00198,-5.977846300661308e-22,2.0017346041743627e-27
-1,-0.00197,-5.904278962633363e-22,1.9222816071453345e-27
-1,-0.00196,-5.831370874794319e-22,1.8456018679860544e-27
-1,-0.00195,-5.7591186823886965e-22,1.771612002957727e-27
-1,-0.00194,-5.6875190307584665e-22,1.7002307167518405e-27
-1,-0.00193,-5.61656856534305e-22,1.631378784434573e-27
-1,-0.00192,-5.546263931679314e-22,1.5649789882522171e-27
-1,-0.00191,-5.476601775401572e-22,1.5009560905477888e-27
-1,-0.0019,-5.4075787422415835e-22,1.439236784108147e-27
-1,-0.00189,-5.33919147802855e-22,1.3797496560528072e-27
-1,-0.00188,-5.271436628689113e-22,1.3224251487134888e-27
-1,-0.00187,-5.204310840247358e-22,1.2671955175043978e-27
-1,-0.00186,-5.137810758824807e-22,1.213994800829572e-27
-1,-0.00185,-5.07193303064042e-22,1.1627587704299985e-27
-1,-0.00184,-5.0066743020105925e-22,1.1134249073094907e-27
-1,-0.00183,-4.942031219349155e-22,1.0659323550910713e-27
-1,-0.00182,-4.878000429167371e-22,1.0202218929335833e-27
-1,-0.00181,-4.814578578073936e-22,9.762358903927064e-28
-1,-0.0018,-4.751762312774975e-22,9.33918283346833e-28
-1,-0.00179,-4.689548280074042e-22,8.932145318673504e-28
-1,-0.00178,-4.6279331268721205e-22,8.540715916306184e-28
-1,-0.00177,-4.566913500167615e-22,8.164378793114156e-28
-1,-0.00176,-4.506486047056358e-22,7.802632364717529e-28
-1,-0.00175,-4.446647414731606e-22,7.454989077436983e-28
-1,-0.00174,-4.387394250484034e-22,7.120974986996594e-28
-1,-0.00173,-4.328723201701739e-22,6.800129510259427e-28
-1,-0.00172,-4.270630915870235e-22,6.492005109254656e-28
-1,-0.00171,-4.213114040572456e-22,6.196166990251007e-28
-1,-0.0017,-4.156169223488749e-22,5.912192810353371e-28
-1,-0.00169,-4.0997931123968775e-22,5.639672406668904e-28
-1,-0.00168,-4.0439823551720164e-22,5.378207495380474e-28
-1,-0.00167,-3.988733599786753e-22,5.127411400912763e-28
-1,-0.00166,-3.9340434943110836e-22,4.886908777575203e-28
-1,-0.00165,-3.8799086869124143e-22,4.656335368820733e-28
-1,-0.00164,-3.8263258258555574e-22,4.435337706319248e-28
-1,-0.00163,-3.7732915595027316e-22,4.223572876739517e-28
-1,-0.00162,-3.72080253631356e-22,4.0207082546768677e-28
-1,-0.00161,-3.668855404845067e-22,3.826421280719852e-28
-1,-0.0016,-3.6174468137516797e-22,3.6403991793316036e-28
-1,-0.00159,-3.566573411785225e-22,3.4623387369165027e-28
-1,-0.00158,-3.516231847794929e-22,3.291946076125262e-28
-1,-0.00157,-3.4664187707274127e-22,3.1289364151136827e-28
-1,-0.00156,-3.417130829626695e-22,2.9730338305629942e-28
-1,-0.00155,-3.3683646736341874e-22,2.8239710545544298e-28
-1,-0.00154,-3.3201169519886946e-22,2.681489252635893e-28
-1,-0.00153,-3.2723843140264134e-22,2.545337794365461e-28
-1,-0.00152,-3.2251634091809292e-22,2.4152740652322877e-28
-1,-0.00151,-3.178450886983217e-22,2.2910632372001073e-28
-1,-0.0015,-3.1322433970616366e-22,2.1724780881513013e-28
-1,-0.00149,-3.0865375891419366e-22,2.059298794999893e-28
-1,-0.00148,-3.0413301130472465e-22,1.9513127343277055e-28
-1,-0.00147,-2.996617618698081e-22,1.8483143074708028e-28
-1,-0.00146,-2.952396756112334e-22,1.7501047355132744e-28
-1,-0.00145,-2.9086641754052807e-22,1.656491890016049e-28
-1,-0.00144,-2.865416526789573e-22,1.5672901068185892e-28
-1,-0.00143,-2.822650460575241e-22,1.4823200130061235e-28
-1,-0.00142,-2.78036262716969e-22,1.4014083614000413e-28
-1,-0.00141,-2.7385496770776997e-22,1.3243878500019607e-28
-1,-0.0014,-2.69720826090142e-22,1.2510969677688696e-28
-1,-0.00139,-2.656335029340375e-22,1.1813798291035213e-28
-1,-0.00138,-2.6159266331914565e-22,1.1150860121064117e-28
-1,-0.00137,-2.5759797233489256e-22,1.0520704118740843e-28
-1,-0.00136,-2.5364909508044093e-22,9.921930881550624e-29
-1,-0.00135,-2.4974569666469005e-22,9.353191111249904e-29
-1,-0.00134,-2.4588744220627556e-22,8.813184212677067e-29
-1,-0.00133,-2.420739968335694e-22,8.300656873755268e-29
-1,-0.00132,-2.3830502568467955e-22,7.814401654899205e-29
-1,-0.00131,-2.3458019390745004e-22,7.353255691269362e-29
-1,-0.0013,-2.3089916665946054e-22,6.916099310390648e-29
-1,-0.00129,-2.272616091080266e-22,6.501854743810591e-29
-1,-0.00128,-2.236671864301992e-22,6.109484923393122e-29
-1,-0.00127,-2.201155638127646e-22,5.737992145956991e-29
-1,-0.00126,-2.166064064522445e-22,5.386416973013058e-29
-1,-0.00125,-2.131393795548955e-22,5.053836961230389e-29
-1,-0.00124,-2.097141483367093e-22,4.739365538663664e-29
-1,-0.00123,-2.0633037802341232e-22,4.442150928000343e-29
-1,-0.00122,-2.0298773385046562e-22,4.1613749757683e-29
-1,-0.00121,-1.9968588106306485e-22,3.8962521179007894e-29
-1,-0.0012,-1.9642448491613998e-22,3.646028321791533e-29
-1,-0.00119,-1.9320321067435525e-22,3.409980080071555e-29
-1,-0.00118,-1.9002172361210893e-22,3.187413399684039e-29
-1,-0.00117,-1.868796890135333e-22,2.977662828575007e-29
-1,-0.00116,-1.8377677217249434e-22,2.7800905247017934e-29
-1,-0.00115,-1.8071263839259175e-22,2.594085325041519e-29
-1,-0.00114,-1.7768695298715875e-22,2.4190618263545074e-29
-1,-0.00113,-1.7469938127926186e-22,2.2544595435303324e-29
-1,-0.00112,-1.7174958860170088e-22,2.0997420303180412e-29
-1,-0.00111,-1.6883724029700864e-22,1.9543960470761553e-29
-1,-0.0011,-1.6596200171745095e-22,1.8179307637875e-29
-1,-0.00109,-1.6312353822502634e-22,1.689876956021069e-29
-1,-0.00108,-1.6032151519146604e-22,1.5697862502646507e-29
-1,-0.00107,-1.5755559799823375e-22,1.4572303669064665e-29
-1,-0.00106,-1.5482545203652557e-22,1.3518003984816393e-29
-1,-0.00105,-1.521307427072697e-22,1.2531060949716284e-29
-1,-0.00104,-1.4947113542112657e-22,1.1607751878949774e-29
-1,-0.00103,-1.4684629559848834e-22,1.0744527120470744e-29
-1,-0.00102,-1.4425588866947915e-22,9.938003566272694e-30
-1,-0.00101,-1.416995800739546e-22,9.184958398758808e-30
-1,-0.001,-1.3917703526150189e-22,8.482322907641657e-30
-1,-0.00099,-1.3668791969143952e-22,7.827176541941794e-30
-1,-0.00098,-1.342318988328172e-22,7.216741161820373e-30
-1,-0.00097,-1.3180863816441569e-22,6.648375384451322e-30
-1,-0.00096,-1.2941780317474668e-22,6.119569159114914e-30
-1,-0.00095,-1.2705905936205263e-22,5.6279385538803234e-30
-1,-0.00094,-1.2473207223430663e-22,5.171220512900819e-30
-1,-0.00093,-1.224365073092122e-22,4.747268007499567e-30
-1,-0.00092,-1.2017203011420325e-22,4.354045169623019e-30
-1,-0.00091,-1.179383061864439e-22,3.989622660393172e-30
-1,-0.0009,-1.1573500107282823e-22,3.6521731679641996e-30
-1,-0.00089,-1.1356178032998032e-22,3.339967028806e-30
-1,-0.00088,-1.1141830952425396e-22,3.051368022373154e-30
-1,-0.00087,-1.0930425423173258e-22,2.784829280384584e-30
-1,-0.00086,-1.0721928003822908e-22,2.5388893342237992e-30
-1,-0.00085,-1.0516305253928566e-22,2.3121683151534078e-30
-1,-0.00084,-1.0313523734017373e-22,2.1033642603241184e-30
-1,-0.00083,-1.0113550005589376e-22,1.9112495451493857e-30
-1,-0.00082,-9.916350631117506e-23,1.734667468494321e-30
-1,-0.00081,-9.721892174047573e-23,1.5725289098636326e-30
-1,-0.0008,-9.53014119879825e-23,1.42380916144435e-30
-1,-0.00079,-9.34106427076105e-23,1.2875448233313696e-30
-1,-0.00078,-9.154627956300324e-23,1.1628308354042194e-30
-1,-0.00077,-8.970798822753239e-23,1.04881762528389e-30
-1,-0.00076,-8.789543438429763e-23,9.44708344451742e-31
-1,-0.00075,-8.610828372612655e-23,8.497562233872172e-31
-1,-0.00074,-8.434620195557447e-23,7.6326201413294115e-31
-1,-0.00073,-8.260885478492432e-23,6.845715489398934e-31
-1,-0.00072,-8.089590793618649e-23,6.130733760543946e-31
-1,-0.00071,-7.920702714109867e-23,5.481965020342687e-31
-1,-0.0007,-7.754187814112571e-23,4.894082214923977e-31
-1,-0.00069,-7.59001266874595e-23,4.362120350023532e-31
-1,-0.00068,-7.428143854101881e-23,3.8814565075799943e-31
-1,-0.00067,-7.268547947244914e-23,3.447790765992255e-31
-1,-0.00066,-7.111191526212259e-23,3.0571278403670597e-31
-1,-0.00065,-6.956041170013768e-23,2.705759600713961e-31
-1,-0.00064,-6.803063458631926e-23,2.3902483027837193e-31
-1,-0.00063,-6.652224973021833e-23,2.1074105793046136e-31
-1,-0.00062,-6.503492295111191e-23,1.8543021603925894e-31
-1,-0.00061,-6.356832007800287e-23,1.6282032808909204e-31
-1,-0.0006,-6.212210694961985e-23,1.4266047672925396e-31
-1,-0.00059,-6.069594941441703e-23,1.2471947877146544e-31
-1,-0.00058,-5.928951333057405e-23,1.087846237374994e-31
-1,-0.00057,-5.790246456599584e-23,9.466047347741061e-32
-1,-0.00056,-5.653446899831249e-23,8.216772120533153e-32
-1,-0.00055,-5.518519251487907e-23,7.114210820795955e-32
-1,-0.00054,-5.385430101277556e-23,6.14333962971905e-32
-1,-0.00053,-5.254146039880659e-23,5.290439334366891e-32
-1,-0.00052,-5.1246336589501436e-23,4.543003083514688e-32
-1,-0.00051,-4.996859551111376e-23,3.889649139335279e-32
-1,-0.0005,-4.870790309962154e-23,3.320038344838736e-32
-1,-0.00049,-4.7463925300726854e-23,2.824796325431793e-32
-1,-0.00048,-4.6236328069855824e-23,2.3954400641427805e-32
-1,-0.00047,-4.50247773721584e-23,2.0243087609724572e-32
-1,-0.00046,-4.382893918250825e-23,1.7044987949956287e-32
-1,-0.00045,-4.264847948550261e-23,1.4298026353891043e-32
-1,-0.00044,-4.148306427546214e-23,1.194651514271164e-32
-1,-0.00043,-4.0332359556430764e-23,9.9406172589518e-33
-1,-0.00042,-3.9196031342175566e-23,8.235843731181753e-33
-1,-0.00041,-3.807374565618659e-23,6.792584325746248e-33
-1,-0.0004,-3.696516853167675e-23,5.575669789913243e-33
-1,-0.00039,-3.586996601158166e-23,4.55396422854477e-33
-1,-0.00038,-3.4787804148559473e-23,3.6999861908397875e-33
-1,-0.00037,-3.371834900499078e-23,2.9895571384041815e-33
-1,-0.00036,-3.266126665297842e-23,2.4014759228552e-33
-1,-0.00035,-3.1616223174347383e-23,1.917217889688149e-33
-1,-0.00034,-3.058288466064462e-23,1.5206574418075688e-33
-1,-0.00033,-2.956091721313893e-23,1.1978127483273536e-33
-1,-0.00032,-2.8549986942820807e-23,9.36611376079766e-34
-1,-0.00031,-2.754975997040228e-23,7.266757073690865e-34
-1,-0.0003,-2.6559902426316814e-23,5.5912698024196825e-34
-1,-0.00029,-2.558008045071911e-23,4.264068262896682e-34
-1,-0.00028,-2.460996019348499e-23,3.2211525346127486e-34
-1,-0.00027,-2.3649207814211263e-23,2.408640263893029e-34
-1,-0.00026,-2.2697489482215555e-23,1.7814442112283142e-34
-1,-0.00025,-2.1754471376536187e-23,1.302084023717434e-34
-1,-0.00024,-2.081981968593202e-23,9.396226813703364e-35
-1,-0.00023,-1.9893200608882305e-23,6.687186444775218e-35
-1,-0.00022,-1.8974280353586558e-23,4.6878494673302764e-35
-1,-0.00021,-1.80627251379644e-23,3.23246891340428e-35
-1,-0.0002,-1.7158201189655416e-23,2.188903012676739e-35
-1,-0.00019,-1.6260374746019018e-23,1.4529264991617812e-35
-1,-0.00018,-1.536891205413429e-23,9.432971191198606e-36
-1,-0.00017,-1.448347937079986e-23,5.975073957787726e-36
-1,-0.00016,-1.3603742962533733e-23,3.68154935044097e-36
-1,-0.00015,-1.2729369105573165e-23,2.1986807111598536e-36
-1,-0.00014,-1.186002408587452e-23,1.2672703688669605e-36
-1,-0.00013,-1.0995374199113112e-23,7.012424144140434e-37
-1,-0.00012,-1.0135085750683074e-23,3.7010674580142848e-37
-1,-0.00011,-9.278825055697206e-24,1.8478857040572232e-37
-1,-0.0001,-8.426258438986837e-24,8.636173744047791e-38
-1,-9e-05,-7.577052235101673e-24,3.7258383230720317e-38
-1,-8e-05,-6.730872788309663e-24,1.456151793498234e-38
-1,-7e-05,-5.887386452596848e-24,5.021309018443771e-39
-1,-6e-05,-5.0462595916672206e-24,1.4699505721549794e-39
-1,-5e-05,-4.2071585789425754e-24,3.4413975848740233e-40
-1,-4e-05,-3.3697497975623744e-24,5.831407604896422e-41
-1,-3e-05,-2.5336996403835934e-24,5.935391261495359e-42
-1,-2e-05,-1.6986745099805846e-24,2.393572252175972e-43
-1,-1e-05,-8.6434081864493e-25,1.031424026922063e-45
-1,0.0,-3.036498838529703e-26,1.2917140701332314e-58
-1,1e-05,8.035865490727039e-25,1.031424026922063e-45
-1,2e-05,1.6378473522866648e-24,2.393572252175972e-43
-1,3e-05,2.472750970097523e-24,5.935391261495359e-42
-1,4e-05,3.3086309416297064e-24,5.831407604896422e-41
-1,5e-05,4.145820796291275e-24,3.4413975848740233e-40
-1,6e-05,4.984654053774069e-24,1.4699505721549794e-39
-1,7e-05,5.825464224053847e-24,5.021309018443771e-39
-1,8e-05,6.668584807390437e-24,1.456151793498234e-38
-1,9e-05,7.514349294327874e-24,3.7258383230720317e-38
-1,0.0001,8.363091165694546e-24,8.636173744047791e-38
-1,0.00011,9.215143892603342e-24,1.8478857040572232e-37
-1,0.00012,1.0070840936451788e-23,3.7010674580142848e-37
-1,0.00013,1.0930515748922203e-23,7.012424144140434e-37
-1,0.00014,1.1794501771981824e-23,1.2672703688669605e-36
-1,0.00015,1.2663132437882972e-23,2.1986807111598536e-36
-1,0.00016,1.353674116916318e-23,3.68154935044097e-36
-1,0.00017,1.4415661378645342e-23,5.975073957787726e-36
-1,0.00018,1.5300226469437864e-23,9.432971191198606e-36
-1,0.00019,1.619076983493479e-23,1.4529264991617812e-35
-1,0.0002,1.7087624858815966e-23,2.188903012676739e-35
-1,0.00021,1.7991124915047173e-23,3.23246891340428e-35
-1,0.00022,1.8901603367880272e-23,4.6878494673302764e-35
-1,0.00023,1.981939357185335e-23,6.687186444775218e-35
-1,0.00024,2.0744828871790865e-23,9.396226813703364e-35
-1,0.00025,2.1678242602803783e-23,1.302084023717434e-34
-1,0.00026,2.2619968090289728e-23,1.7814442112283142e-34
-1,0.00027,2.3570338649933134e-23,2.408640263893029e-34
-1,0.00028,2.4529687587705365e-23,3.2211525346127486e-34
-1,0.00029,2.5498348199864883e-23,4.264068262896682e-34
-1,0.0003,2.6476653772957383e-23,5.5912698024196825e-34
-1,0.00031,2.746493758381594e-23,7.266757073690865e-34
-1,0.00032,2.846353289956113e-23,9.36611376079766e-34
-1,0.00033,2.9472772977601225e-23,1.1978127483273536e-33
-1,0.00034,3.0492991065632275e-23,1.5206574418075688e-33
-1,0.00035,3.1524520401638305e-23,1.917217889688149e-33
-1,0.00036,3.256769421389142e-23,2.4014759228552e-33
-1,0.00037,3.3622845720951976e-23,2.9895571384041815e-33
-1,0.00038,3.469030813166871e-23,3.6999861908397875e-33
-1,0.00039,3.5770414645178896e-23,4.55396422854477e-33
-1,0.0004,3.6863498450908456e-23,5.575669789913243e-33
-1,0.00041,3.796989272857215e-23,6.792584325746248e-33
-1,0.00042,3.90899306481737e-23,8.235843731181753e-33
-1,0.00043,4.022394537000591e-23,9.9406172589518e-33
-1,0.00044,4.1372270044650845e-23,1.194651514271164e-32
-1,0.00045,4.2535237812979975e-23,1.4298026353891043e-32
-1,0.00046,4.371318180615428e-23,1.7044987949956287e-32
-1,0.00047,4.4906435145624445e-23,2.0243087609724572e-32
-1,0.00048,4.611533094313095e-23,2.3954400641427805e-32
-1,0.00049,4.7340202300704277e-23,2.824796325431793e-32
-1,0.0005,4.858138231066499e-23,3.320038344838736e-32
-1,0.00051,4.9839204055623917e-23,3.889649139335279e-32
-1,0.00052,5.1114000608482294e-23,4.543003083514688e-32
-1,0.00053,5.2406105032431896e-23,5.290439334366891e-32
-1,0.00054,5.371585038095517e-23,6.14333962971905e-32
-1,0.00055,5.504356969782542e-23,7.114210820795955e-32
-1,0.00056,5.638959601710691e-23,8.216772120533153e-32
-1,0.00057,5.775426236315502e-23,9.466047347741061e-32
-1,0.00058,5.91379017506164e-23,1.087846237374994e-31
-1,0.00059,6.054084718442911e-23,1.2471947877146544e-31
-1,0.0006,6.196343165982275e-23,1.4266047672925396e-31
-1,0.00061,6.340598816231862e-23,1.6282032808909204e-31
-1,0.00062,6.486884966772984e-23,1.8543021603925894e-31
-1,0.00063,6.635234914216157e-23,2.1074105793046136e-31
-1,0.00064,6.785681954201102e-23,2.3902483027837193e-31
-1,0.00065,6.938259381396772e-23,2.705759600713961e-31
-1,0.00066,7.09300048950136e-23,3.0571278403670597e-31
-1,0.00067,7.249938571242316e-23,3.447790765992255e-31
-1,0.00068,7.409106918376357e-23,3.8814565075799943e-31
-1,0.00069,7.570538821689488e-23,4.362120350023532e-31
-1,0.0007,7.734267570997011e-23,4.894082214923977e-31
-1,0.00071,7.900326455143542e-23,5.481965020342687e-31
-1,0.00072,8.068748762003026e-23,6.130733760543946e-31
-1,0.00073,8.239567778478746e-23,6.845715489398934e-31
-1,0.00074,8.412816790503348e-23,7.6326201413294115e-31
-1,0.00075,8.588529083038841e-23,8.497562233872172e-31
-1,0.00076,8.766737940076628e-23,9.44708344451742e-31
-1,0.00077,8.947476644637504e-23,1.04881762528389e-30
-1,0.00078,9.130778478771683e-23,1.1628308354042194e-30
-1,0.00079,9.316676723558805e-23,1.2875448233313696e-30
-1,0.0008,9.505204659107955e-23,1.42380916144435e-30
-1,0.00081,9.696395564557672e-23,1.5725289098636326e-30
-1,0.00082,9.890282718075969e-23,1.734667468494321e-30
-1,0.00083,1.0086899396860346e-22,1.9112495451493857e-30
-1,0.00084,1.0286278877137802e-22,2.1033642603241184e-30
-1,0.00085,1.0488454434164849e-22,2.3121683151534078e-30
-1,0.00086,1.0693459342227532e-22,2.5388893342237992e-30
-1,0.00087,1.0901326874641435e-22,2.784829280384584e-30
-1,0.00088,1.1112090303751707e-22,3.051368022373154e-30
-1,0.00089,1.132578290093306e-22,3.339967028806e-30
-1,0.0009,1.15424379365898e-22,3.6521731679641996e-30
-1,0.00091,1.176208868015583e-22,3.989622660393172e-30
-1,0.00092,1.1984768400094675e-22,4.354045169623019e-30
-1,0.00093,1.2210510363899483e-22,4.747268007499567e-30
-1,0.00094,1.2439347838093045e-22,5.171220512900819e-30
-1,0.00095,1.2671314088227818e-22,5.6279385538803234e-30
-1,0.00096,1.2906442378885926e-22,6.119569159114914e-30
-1,0.00097,1.3144765973679184e-22,6.648375384451322e-30
-1,0.00098,1.338631813524911e-22,7.216741161820373e-30
-1,0.00099,1.3631132125266931e-22,7.827176541941794e-30
-1,0.001,1.3879241204433612e-22,8.482322907641657e-30
-1,0.00101,1.413067863247986e-22,9.184958398758808e-30
-1,0.00102,1.4385477668166143e-22,9.938003566272694e-30
-1,0.00103,1.46436715692827e-22,1.0744527120470744e-29
-1,0.00104,1.490529359264956e-22,1.1607751878949774e-29
-1,0.00105,1.5170376994116554e-22,1.2531060949716284e-29
-1,0.00106,1.543895502856333e-22,1.3518003984816393e-29
-1,0.00107,1.571106094989937e-22,1.4572303669064665e-29
-1,0.00108,1.5986728011063998e-22,1.5697862502646507e-29
-1,0.00109,1.62659894640264e-22,1.689876956021069e-29
-1,0.0011,1.654887855978563e-22,1.8179307637875e-29
-1,0.00111,1.6835428548370646e-22,1.9543960470761553e-29
-1,0.00112,1.7125672678840294e-22,2.0997420303180412e-29
-1,0.00113,1.7419644199283344e-22,2.2544595435303324e-29
-1,0.00114,1.77173763568185e-22,2.4190618263545074e-29
-1,0.00115,1.8018902397594406e-22,2.594085325041519e-29
-1,0.00116,1.8324255566789676e-22,2.7800905247017934e-29
-1,0.00117,1.863346910861289e-22,2.977662828575007e-29
-1,0.00118,1.894657626630262e-22,3.187413399684039e-29
-1,0.00119,1.926361028212745e-22,3.409980080071555e-29
-1,0.0012,1.958460439738597e-22,3.646028321791533e-29
-1,0.00121,1.9909591852406812e-22,3.8962521179007894e-29
-1,0.00122,2.0238605886548648e-22,4.1613749757683e-29
-1,0.00123,2.0571679738200217e-22,4.442150928000343e-29
-1,0.00124,2.0908846644780333e-22,4.739365538663664e-29
-1,0.00125,2.1250139842737896e-22,5.053836961230389e-29
-1,0.00126,2.159559256755192e-22,5.386416973013058e-29
-1,0.00127,2.194523805373152e-22,5.737992145956991e-29
-1,0.00128,2.229910953481597e-22,6.109484923393122e-29
-1,0.00129,2.265724024337467e-22,6.501854743810591e-29
-1,0.0013,2.301966341100719e-22,6.916099310390648e-29
-1,0.00131,2.338641226834328e-22,7.353255691269362e-29
-1,0.00132,2.3757520045042876e-22,7.814401654899205e-29
-1,0.00133,2.413301996979612e-22,8.300656873755268e-29
-1,0.00134,2.4512945270323377e-22,8.813184212677067e-29
-1,0.00135,2.489732917337524e-22,9.353191111249904e-29
-1,0.00136,2.528620490473256e-22,9.921930881550624e-29
-1,0.00137,2.5679605689206436e-22,1.0520704118740843e-28
-1,0.00138,2.6077564750638264e-22,1.1150860121064117e-28
-1,0.00139,2.6480115311899714e-22,1.1813798291035213e-28
-1,0.0014,2.6887290594892767e-22,1.2510969677688696e-28
-1,0.00141,2.729912382054973e-22,1.3243878500019607e-28
-1,0.00142,2.7715648208833244e-22,1.4014083614000413e-28
-1,0.00143,2.8136896978736286e-22,1.4823200130061235e-28
-1,0.00144,2.856290334828222e-22,1.5672901068185892e-28
-1,0.00145,2.899370053452476e-22,1.656491890016049e-28
-1,0.00146,2.942932175354804e-22,1.7501047355132744e-28
-1,0.00147,2.9869800220466576e-22,1.8483143074708028e-28
-1,0.00148,3.0315169149425325e-22,1.9513127343277055e-28
-1,0.00149,3.076546175359967e-22,2.059298794999893e-28
-1,0.0015,3.122071124519544e-22,2.1724780881513013e-28
-1,0.00151,3.1680950835448935e-22,2.2910632372001073e-28
-1,0.00152,3.2146213734626933e-22,2.4152740652322877e-28
-1,0.00153,3.26165331520267e-22,2.545337794365461e-28
-1,0.00154,3.3091942295976016e-22,2.681489252635893e-28
-1,0.00155,3.357247437383318e-22,2.8239710545544298e-28
-1,0.00156,3.405816259198702e-22,2.9730338305629942e-28
-1,0.00157,3.4549040155856927e-22,3.1289364151136827e-28
-1,0.00158,3.504514026989285e-22,3.291946076125262e-28
-1,0.00159,3.554649613757532e-22,3.4623387369165027e-28
-1,0.0016,3.6053140961415454e-22,3.6403991793316036e-28
-1,0.00161,3.6565107942954985e-22,3.826421280719852e-28
-1,0.00162,3.7082430282766266e-22,4.0207082546768677e-28
-1,0.00163,3.760514118045229e-22,4.223572876739517e-28
-1,0.00164,3.813327383464669e-22,4.435337706319248e-28
-1,0.00165,3.8666861443013782e-22,4.656335368820733e-28
-1,0.00166,3.920593720224855e-22,4.886908777575203e-28
-1,0.00167,3.975053430807667e-22,5.127411400912763e-28
-1,0.00168,4.030068595525453e-22,5.378207495380474e-28
-1,0.00169,4.0856425337569247e-22,5.639672406668904e-28
-1,0.0017,4.141778564783867e-22,5.912192810353371e-28
-1,0.00171,4.19848000779114e-22,6.196166990251007e-28
-1,0.00172,4.25575018186668e-22,6.492005109254656e-28
-1,0.00173,4.313592406001502e-22,6.800129510259427e-28
-1,0.00174,4.372009999089701e-22,7.120974986996594e-28
-1,0.00175,4.431006279928452e-22,7.454989077436983e-28
-1,0.00176,4.4905845672180115e-22,7.802632364717529e-28
-1,0.00177,4.550748179561722e-22,8.164378793114156e-28
-1,0.00178,4.61150043546601e-22,8.540715916306184e-28
-1,0.00179,4.672844653340389e-22,8.932145318673504e-28
-1,0.0018,4.734784151497459e-22,9.33918283346833e-28
-1,0.00181,4.797322248152912e-22,9.762358903927064e-28
-1,0.00182,4.860462261425531e-22,1.0202218929335833e-27
-1,0.00183,4.924207509337189e-22,1.0659323550910713e-27
-1,0.00184,4.988561309812854e-22,1.1134249073094907e-27
-1,0.00185,5.053526980680592e-22,1.1627587704299985e-27
-1,0.00186,5.1191078396715595e-22,1.213994800829572e-27
-1,0.00187,5.1853072044200185e-22,1.2671955175043978e-27
-1,0.00188,5.252128392463325e-22,1.3224251487134888e-27
-1,0.00189,5.31957472124194e-22,1.3797496560528072e-27
-1,0.0019,5.387649508099423e-22,1.439236784108147e-27
-1,0.00191,5.456356070282441e-22,1.5009560905477888e-27
-1,0.00192,5.525697724940765e-22,1.5649789882522171e-27
-1,0.00193,5.595677789127273e-22,1.631378784434573e-27
-1,0.00194,5.66629957979795e-22,1.7002307167518405e-27
-1,0.00195,5.737566413811892e-22,1.771612002957727e-27
-1,0.00196,5.809481607931307e-22,1.8456018679860544e-27
-1,0.00197,5.882048478821513e-22,1.9222816071453345e-27
-1,0.00198,5.955270343050943e-22,2.0017346041743627e-27
-1,0.00199,6.029150517091148e-22,2.084046388418263e-27
-1,0.002,6.103692317316792e-22,2.1693046829767367e-27
1,-0.002,-2.7816151889646176e-22,2.1693046829767367e-27
1,-0.00199,-2.723494507071402e-22,2.084046388418263e-27
1,-0.00198,-2.6660392978969244e-22,2.0017346041743627e-27
1,-0.00197,-2.6092462064980103e-22,1.9222816071453345e-27
1,-0.00196,-2.5531118780289396e-22,1.8456018679860544e-27
1,-0.00195,-2.4976329577414427e-22,1.771612002957727e-27
1,-0.00194,-2.442806090984701e-22,1.7002307167518405e-27
1,-0.00193,-2.388627923205344e-22,1.631378784434573e-27
1,-0.00192,-2.3350950999474505e-22,1.5649789882522171e-27
1,-0.00191,-2.2822042668525437e-22,1.5009560905477888e-27
1,-0.0019,-2.229952069659592e-22,1.439236784108147e-27
1,-0.00189,-2.1783351542050064e-22,1.3797496560528072e-27
1,-0.00188,-2.12735016642264e-22,1.3224251487134888e-27
1,-0.00187,-2.0769937523437862e-22,1.2671955175043978e-27
1,-0.00186,-2.0272625580971773e-22,1.213994800829572e-27
1,-0.00185,-1.9781532299089822e-22,1.1627587704299985e-27
1,-0.00184,-1.929662414102807e-22,1.1134249073094907e-27
1,-0.00183,-1.8817867570996914e-22,1.0659323550910713e-27
1,-0.00182,-1.8345229054181078e-22,1.0202218929335833e-27
1,-0.00181,-1.7878675056739613e-22,9.762358903927064e-28
1,-0.0018,-1.741817204580586e-22,9.33918283346833e-28
1,-0.00179,-1.6963686489487458e-22,8.932145318673504e-28
1,-0.00178,-1.6515184856866312e-22,8.540715916306184e-28
1,-0.00177,-1.6072633617998584e-22,8.164378793114156e-28
1,-0.00176,-1.5635999243914684e-22,7.802632364717529e-28
1,-0.00175,-1.5205248206619251e-22,7.454989077436983e-28
1,-0.00174,-1.4780346979091139e-22,7.120974986996594e-28
1,-0.00173,-1.4361262035283398e-22,6.800129510259427e-28
1,-0.00172,-1.3947959850123269e-22,6.492005109254656e-28
1,-0.00171,-1.3540406899512166e-22,6.196166990251007e-28
1,-0.0017,-1.3138569660325656e-22,5.912192810353371e-28
1,-0.00169,-1.274241461041345e-22,5.639672406668904e-28
1,-0.00168,-1.235190822859939e-22,5.378207495380474e-28
1,-0.00167,-1.196701699468143e-22,5.127411400912763e-28
1,-0.00166,-1.1587707389431623e-22,4.886908777575203e-28
1,-0.00165,-1.1213945894596112e-22,4.656335368820733e-28
1,-0.00164,-1.0845698992895105e-22,4.435337706319248e-28
1,-0.00163,-1.0482933168022866e-22,4.223572876739517e-28
1,-0.00162,-1.0125614904647708e-22,4.0207082546768677e-28
1,-0.00161,-9.773710688411966e-23,3.826421280719852e-28
1,-0.0016,-9.42718700593199e-23,3.6403991793316036e-28
1,-0.00159,-9.086010344798128e-23,3.4623387369165027e-28
1,-0.00158,-8.750147193574713e-23,3.291946076125262e-28
1,-0.00157,-8.419564041800046e-23,3.1289364151136827e-28
1,-0.00156,-8.094227379986387e-23,2.9730338305629942e-28
1,-0.00155,-7.774103699619934e-23,2.8239710545544298e-28
1,-0.00154,-7.459159493160814e-23,2.681489252635893e-28
1,-0.00153,-7.149361254043066e-23,2.545337794365461e-28
1,-0.00152,-6.844675476674623e-23,2.4152740652322877e-28
1,-0.00151,-6.545068656437309e-23,2.2910632372001073e-28
1,-0.0015,-6.250507289686809e-23,2.1724780881513013e-28
1,-0.00149,-5.960957873752666e-23,2.059298794999893e-28
1,-0.00148,-5.676386906938267e-23,1.9513127343277055e-28
1,-0.00147,-5.396760888520819e-23,1.8483143074708028e-28
1,-0.00146,-5.122046318751342e-23,1.7501047355132744e-28
1,-0.00145,-4.852209698854654e-23,1.656491890016049e-28
1,-0.00144,-4.5872175310293556e-23,1.5672901068185892e-28
1,-0.00143,-4.3270363184478147e-23,1.4823200130061235e-28
1,-0.00142,-4.071632565256153e-23,1.4014083614000413e-28
1,-0.00141,-3.820972776574232e-23,1.3243878500019607e-28
1,-0.0014,-3.5750234584956377e-23,1.2510969677688696e-28
1,-0.00139,-3.3337511180876665e-23,1.1813798291035213e-28
1,-0.00138,-3.097122263391312e-23,1.1150860121064117e-28
1,-0.00137,-2.865103403421247e-23,1.0520704118740843e-28
1,-0.00136,-2.6376610481658138e-23,9.921930881550624e-29
1,-0.00135,-2.414761708587007e-23,9.353191111249904e-29
1,-0.00134,-2.1963718966204588e-23,8.813184212677067e-29
1,-0.00133,-1.982458125175426e-23,8.300656873755268e-29
1,-0.00132,-1.7729869081347752e-23,7.814401654899205e-29
1,-0.00131,-1.567924760354968e-23,7.353255691269362e-29
1,-0.0013,-1.3672381976660458e-23,6.916099310390648e-29
1,-0.00129,-1.170893736871618e-23,6.501854743810591e-29
1,-0.00128,-9.788578957488447e-24,6.109484923393122e-29
1,-0.00127,-7.91097193048424e-24,5.737992145956991e-29
1,-0.00126,-6.075781484945769e-24,5.386416973013058e-29
1,-0.00125,-4.2826728278503326e-24,5.053836961230389e-29
1,-0.00124,-2.5313111759101713e-24,4.739365538663664e-29
1,-0.00123,-8.213617555723244e-25,4.442150928000343e-29
1,-0.00122,8.475101969815142e-25,4.1613749757683e-29
1,-0.00121,2.47563943583514e-24,3.8962521179007894e-29
1,-0.0012,4.0633607053379834e-24,3.646028321791533e-29
1,-0.00119,5.611008740105251e-24,3.409980080071555e-29
1,-0.00118,7.118918265018073e-24,3.187413399684039e-29
1,-0.00117,8.587423995223643e-24,2.977662828575007e-29
1,-0.00116,1.0016860636135368e-23,2.7800905247017934e-29
1,-0.00115,1.1407562883433008e-23,2.594085325041519e-29
1,-0.00114,1.275986542306282e-23,2.4190618263545074e-29
1,-0.00113,1.4074102931237704e-23,2.2544595435303324e-29
1,-0.00112,1.535061007443735e-23,2.0997420303180412e-29
1,-0.00111,1.6589721509408376e-23,1.9543960470761553e-29
1,-0.0011,1.7791771883164472e-23,1.8179307637875e-29
1,-0.00109,1.895709583298655e-23,1.689876956021069e-29
1,-0.00108,2.0086027986422888e-23,1.5697862502646507e-29
1,-0.00107,2.1178902961289268e-23,1.4572303669064665e-29
1,-0.00106,2.223605536566912e-23,1.3518003984816393e-29
1,-0.00105,2.3257819797913672e-23,1.2531060949716284e-29
1,-0.00104,2.4244530846642097e-23,1.1607751878949774e-29
1,-0.00103,2.5196523090741642e-23,1.0744527120470744e-29
1,-0.00102,2.611413109936779e-23,9.938003566272694e-30
1,-0.00101,2.699768943194439e-23,9.184958398758808e-30
1,-0.001,2.7847532638163807e-23,8.482322907641657e-30
1,-0.00099,2.866399525798707e-23,7.827176541941794e-30
1,-0.00098,2.944741182164401e-23,7.216741161820373e-30
1,-0.00097,3.0198116849633403e-23,6.648375384451322e-30
1,-0.00096,3.0916444852723126e-23,6.119569159114914e-30
1,-0.00095,3.1602730331950284e-23,5.6279385538803234e-30
1,-0.00094,3.225730777862136e-23,5.171220512900819e-30
1,-0.00093,3.288051167431237e-23,4.747268007499567e-30
1,-0.00092,3.3472676490868994e-23,4.354045169623019e-30
1,-0.00091,3.403413669040672e-23,3.989622660393172e-30
1,-0.0009,3.456522672531101e-23,3.6521731679641996e-30
1,-0.00089,3.506628103823741e-23,3.339967028806e-30
1,-0.00088,3.5537634062111717e-23,3.051368022373154e-30
1,-0.00087,3.597962022013011e-23,2.784829280384584e-30
1,-0.00086,3.6392573925759306e-23,2.5388893342237992e-30
1,-0.00085,3.6776829582736706e-23,2.3121683151534078e-30
1,-0.00084,3.7132721585070525e-23,2.1033642603241184e-30
1,-0.00083,3.7460584317039946e-23,1.9112495451493857e-30
1,-0.00082,3.776075215319525e-23,1.734667468494321e-30
1,-0.00081,3.8033559458358e-23,1.5725289098636326e-30
1,-0.0008,3.827934058762112e-23,1.42380916144435e-30
1,-0.00079,3.8498429886349095e-23,1.2875448233313696e-30
1,-0.00078,3.8691161690178106e-23,1.1628308354042194e-30
1,-0.00077,3.885787032501614e-23,1.04881762528389e-30
1,-0.00076,3.899889010704317e-23,9.44708344451742e-31
1,-0.00075,3.91145553427113e-23,8.497562233872172e-31
1,-0.00074,3.920520032874486e-23,7.6326201413294115e-31
1,-0.00073,3.9271159352140624e-23,6.845715489398934e-31
1,-0.00072,3.93127666901679e-23,6.130733760543946e-31
1,-0.00071,3.933035661036868e-23,5.481965020342687e-31
1,-0.0007,3.932426337055781e-23,4.894082214923977e-31
1,-0.00069,3.9294821218823116e-23,4.362120350023532e-31
1,-0.00068,3.9242364393525544e-23,3.8814565075799943e-31
1,-0.00067,3.916722712329931e-23,3.447790765992255e-31
1,-0.00066,3.906974362705205e-23,3.0571278403670597e-31
1,-0.00065,3.8950248113964954e-23,2.705759600713961e-31
1,-0.00064,3.8809074783492925e-23,2.3902483027837193e-31
1,-0.00063,3.864655782536469e-23,2.1074105793046136e-31
1,-0.00062,3.8463031419582997e-23,1.8543021603925894e-31
1,-0.00061,3.8258829736424697e-23,1.6282032808909204e-31
1,-0.0006,3.8034286936440945e-23,1.4266047672925396e-31
1,-0.00059,3.7789737170457306e-23,1.2471947877146544e-31
1,-0.00058,3.752551457957391e-23,1.087846237374994e-31
1,-0.00057,3.7241953295165606e-23,9.466047347741061e-32
1,-0.00056,3.69393874388821e-23,8.216772120533153e-32
1,-0.00055,3.661815112264808e-23,7.114210820795955e-32
1,-0.00054,3.6278578448663395e-23,6.14333962971905e-32
1,-0.00053,3.592100350940317e-23,5.290439334366891e-32
1,-0.00052,3.554576038761797e-23,4.543003083514688e-32
1,-0.00051,3.515318315633393e-23,3.889649139335279e-32
1,-0.0005,3.47436058788529e-23,3.320038344838736e-32
1,-0.00049,3.4317362608752605e-23,2.824796325431793e-32
1,-0.00048,3.387478738988676e-23,2.3954400641427805e-32
1,-0.00047,3.341621425638525e-23,2.0243087609724572e-32
1,-0.00046,3.2941977232654237e-23,1.7044987949956287e-32
1,-0.00045,3.245241033337634e-23,1.4298026353891043e-32
1,-0.00044,3.194784756351075e-23,1.194651514271164e-32
1,-0.00043,3.142862291829338e-23,9.9406172589518e-33
1,-0.00042,3.089507038323704e-23,8.235843731181753e-33
1,-0.00041,3.0347523934131526e-23,6.792584325746248e-33
1,-0.0004,2.9786317537043805e-23,5.575669789913243e-33
1,-0.00039,2.921178514831816e-23,4.55396422854477e-33
1,-0.00038,2.862426071457629e-23,3.6999861908397875e-33
1,-0.00037,2.802407817271752e-23,2.9895571384041815e-33
1,-0.00036,2.7411571449918893e-23,2.4014759228552e-33
1,-0.00035,2.6787074463635335e-23,1.917217889688149e-33
1,-0.00034,2.6150921121599786e-23,1.5206574418075688e-33
1,-0.00033,2.550344532182337e-23,1.1978127483273536e-33
1,-0.00032,2.4844980952595514e-23,9.36611376079766e-34
1,-0.00031,2.4175861892484102e-23,7.266757073690865e-34
1,-0.0003,2.3496422010335614e-23,5.5912698024196825e-34
1,-0.00029,2.2806995165275282e-23,4.264068262896682e-34
1,-0.00028,2.2107915206707216e-23,3.2211525346127486e-34
1,-0.00027,2.1399515974314563e-23,2.408640263893029e-34
1,-0.00026,2.0682131298059644e-23,1.7814442112283142e-34
1,-0.00025,1.9956094998184104e-23,1.302084023717434e-34
1,-0.00024,1.9221740885209046e-23,9.396226813703364e-35
1,-0.00023,1.8479402759935183e-23,6.687186444775218e-35
1,-0.00022,1.7729414413442983e-23,4.6878494673302764e-35
1,-0.00021,1.6972109627092802e-23,3.23246891340428e-35
1,-0.0002,1.620782217252504e-23,2.188903012676739e-35
1,-0.00019,1.5436885811660285e-23,1.4529264991617812e-35
1,-0.00018,1.4659634296699447e-23,9.432971191198606e-36
1,-0.00017,1.3876401370123908e-23,5.975073957787726e-36
1,-0.00016,1.3087520764695671e-23,3.68154935044097e-36
1,-0.00015,1.229332620345749e-23,2.1986807111598536e-36
1,-0.00014,1.149415139973303e-23,1.2672703688669605e-36
1,-0.00013,1.0690330057127003e-23,7.012424144140434e-37
1,-0.00012,9.882195869525308e-24,3.7010674580142848e-37
1,-0.00011,9.070082521095186e-24,1.8478857040572232e-37
1,-0.0001,8.25432368628535e-24,8.636173744047791e-38
1,-9e-05,7.435253029826146e-24,3.7258383230720317e-38
1,-8e-05,6.6132042067296815e-24,1.456151793498234e-38
1,-7e-05,5.788510862289976e-24,5.021309018443771e-39
1,-6e-05,4.9615066320831064e-24,1.4699505721549794e-39
1,-5e-05,4.132525141967348e-24,3.4413975848740233e-40
1,-4e-05,3.301900008083322e-24,5.831407604896422e-41
1,-3e-05,2.469964836854134e-24,5.935391261495359e-42
1,-2e-05,1.6370532249855238e-24,2.393572252175972e-43
1,-1e-05,8.034987594660053e-25,1.031424026922063e-45
1,0.0,-3.0364982432987563e-26,1.2917140701332314e-58
1,1e-05,-8.642044331569571e-25,1.031424026922063e-45
1,2e-05,-1.6976860348681986e-24,2.393572252175972e-43
1,3e-05,-2.5304762394456553e-24,5.935391261495359e-42
1,4e-05,-3.362241508484775e-24,5.831407604896422e-41
1,5e-05,-4.1926483132973666e-24,3.4413975848740233e-40
1,6e-05,-5.021363134911455e-24,1.4699505721549794e-39
1,7e-05,-5.848052464071138e-24,5.021309018443771e-39
1,8e-05,-6.672382801236441e-24,1.456151793498234e-38
1,9e-05,-7.494020656583178e-24,3.7258383230720317e-38
1,0.0001,-8.312632550002798e-24,8.636173744047791e-38
1,0.00011,-9.127885011102249e-24,1.8478857040572232e-37
1,0.00012,-9.939444579203834e-24,3.7010674580142848e-37
1,0.00013,-1.0746977803345062e-23,7.012424144140434e-37
1,0.00014,-1.1550151242278508e-23,1.2672703688669605e-36
1,0.00015,-1.2348631464471667e-23,2.1986807111598536e-36
1,0.00016,-1.3142085048106812e-23,3.68154935044097e-36
1,0.00017,-1.3930178581080848e-23,5.975073957787726e-36
1,0.00018,-1.471257866100517e-23,9.432971191198606e-36
1,0.00019,-1.548895189520552e-23,1.4529264991617812e-35
1,0.0002,-1.625896490072183e-23,2.188903012676739e-35
1,0.00021,-1.702228430430811e-23,3.23246891340428e-35
1,0.00022,-1.777857674243226e-23,4.6878494673302764e-35
1,0.00023,-1.8527508861275966e-23,6.687186444775218e-35
1,0.00024,-1.926874731673453e-23,9.396226813703364e-35
1,0.00025,-2.000195877441674e-23,1.302084023717434e-34
1,0.00026,-2.072680990964472e-23,1.7814442112283142e-34
1,0.00027,-2.1442967407453787e-23,2.408640263893029e-34
1,0.00028,-2.2150097962592304e-23,3.2211525346127486e-34
1,0.00029,-2.284786827952155e-23,4.264068262896682e-34
1,0.0003,-2.3535945072415554e-23,5.5912698024196825e-34
1,0.00031,-2.4213995065160966e-23,7.266757073690865e-34
1,0.00032,-2.4881684991356914e-23,9.36611376079766e-34
1,0.00033,-2.5538681594314851e-23,1.1978127483273536e-33
1,0.00034,-2.618465162705842e-23,1.5206574418075688e-33
1,0.00035,-2.68192618523233e-23,1.917217889688149e-33
1,0.00036,-2.7442179042557074e-23,2.4014759228552e-33
1,0.00037,-2.805306997991907e-23,2.9895571384041815e-33
1,0.00038,-2.8651601456280236e-23,3.6999861908397875e-33
1,0.00039,-2.923744027322299e-23,4.55396422854477e-33
1,0.0004,-2.981025324204105e-23,5.575669789913243e-33
1,0.00041,-3.036970718373933e-23,6.792584325746248e-33
1,0.00042,-3.091546892903378e-23,8.235843731181753e-33
1,0.00043,-3.144720531835124e-23,9.9406172589518e-33
1,0.00044,-3.1964583201829277e-23,1.194651514271164e-32
1,0.00045,-3.246726943931608e-23,1.4298026353891043e-32
1,0.00046,-3.2954930900370296e-23,1.7044987949956287e-32
1,0.00047,-3.3427234464260884e-23,2.0243087609724572e-32
1,0.00048,-3.388384701996696e-23,2.3954400641427805e-32
1,0.00049,-3.432443546617769e-23,2.824796325431793e-32
1,0.0005,-3.4748666711292105e-23,3.320038344838736e-32
1,0.00051,-3.5156207673418987e-23,3.889649139335279e-32
1,0.00052,-3.55467252803767e-23,4.543003083514688e-32
1,0.00053,-3.5919886469693075e-23,5.290439334366891e-32
1,0.00054,-3.6275358188605234e-23,6.14333962971905e-32
1,0.00055,-3.661280739405947e-23,7.114210820795955e-32
1,0.00056,-3.6931901052711106e-23,8.216772120533153e-32
1,0.00057,-3.7232306140924315e-23,9.466047347741061e-32
1,0.00058,-3.7513689644772025e-23,1.087846237374994e-31
1,0.00059,-3.7775718560035743e-23,1.2471947877146544e-31
1,0.0006,-3.801805989220542e-23,1.4266047672925396e-31
1,0.00061,-3.824038065647929e-23,1.6282032808909204e-31
1,0.00062,-3.8442347877763784e-23,1.8543021603925894e-31
1,0.00063,-3.86236285906733e-23,2.1074105793046136e-31
1,0.00064,-3.878388983953014e-23,2.3902483027837193e-31
1,0.00065,-3.89227986783643e-23,2.705759600713961e-31
1,0.00066,-3.904002217091338e-23,3.0571278403670597e-31
1,0.00067,-3.9135227390622404e-23,3.447790765992255e-31
1,0.00068,-3.920808142064369e-23,3.8814565075799943e-31
1,0.00069,-3.92582513538367e-23,4.362120350023532e-31
1,0.0007,-3.928540429276792e-23,4.894082214923977e-31
1,0.00071,-3.928920734971067e-23,5.481965020342687e-31
1,0.00072,-3.926932764664501e-23,6.130733760543946e-31
1,0.00073,-3.922543231525755e-23,6.845715489398934e-31
1,0.00074,-3.915718849694135e-23,7.6326201413294115e-31
1,0.00075,-3.906426334279575e-23,8.497562233872172e-31
1,0.00076,-3.8946324013626225e-23,9.44708344451742e-31
1,0.00077,-3.880303767994425e-23,1.04881762528389e-30
1,0.00078,-3.863407152196715e-23,1.1628308354042194e-30
1,0.00079,-3.843909272961797e-23,1.2875448233313696e-30
1,0.0008,-3.821776850252531e-23,1.42380916144435e-30
1,0.00081,-3.79697660500232e-23,1.5725289098636326e-30
1,0.00082,-3.7694752591150934e-23,1.734667468494321e-30
1,0.00083,-3.7392395354652956e-23,1.9112495451493857e-30
1,0.00084,-3.70623615789787e-23,2.1033642603241184e-30
1,0.00085,-3.670431851228243e-23,2.3121683151534078e-30
1,0.00086,-3.631793341242313e-23,2.5388893342237992e-30
1,0.00087,-3.590287354696433e-23,2.784829280384584e-30
1,0.00088,-3.545880619317399e-23,3.051368022373154e-30
1,0.00089,-3.498539863802431e-23,3.339967028806e-30
1,0.0009,-3.448231817819166e-23,3.6521731679641996e-30
1,0.00091,-3.3949232120056354e-23,3.989622660393172e-30
1,0.00092,-3.3385807779702565e-23,4.354045169623019e-30
1,0.00093,-3.279171248291816e-23,4.747268007499567e-30
1,0.00094,-3.216661356519456e-23,5.171220512900819e-30
1,0.00095,-3.1510178371726576e-23,5.6279385538803234e-30
1,0.00096,-3.0822074257412305e-23,6.119569159114914e-30
1,0.00097,-3.0101968586852947e-23,6.648375384451322e-30
1,0.00098,-2.934952873435269e-23,7.216741161820373e-30
1,0.00099,-2.856442208391854e-23,7.827176541941794e-30
1,0.001,-2.7746316029260207e-23,8.482322907641657e-30
1,0.00101,-2.689487797378994e-23,9.184958398758808e-30
1,0.00102,-2.6009775330622376e-23,9.938003566272694e-30
1,0.00103,-2.5090675522574428e-23,1.0744527120470744e-29
1,0.00104,-2.413724598216511e-23,1.1607751878949774e-29
1,0.00105,-2.3149154151615407e-23,1.2531060949716284e-29
1,0.00106,-2.2126067482848128e-23,1.3518003984816393e-29
1,0.00107,-2.1067653437487765e-23,1.4572303669064665e-29
1,0.00108,-1.9973579486860346e-23,1.5697862502646507e-29
1,0.00109,-1.8843513111993294e-23,1.689876956021069e-29
1,0.0011,-1.767712180361528e-23,1.8179307637875e-29
1,0.00111,-1.6474073062156081e-23,1.9543960470761553e-29
1,0.00112,-1.5234034397746434e-23,2.0997420303180412e-29
1,0.00113,-1.39566733302179e-23,2.2544595435303324e-29
1,0.00114,-1.2641657389102708e-23,2.4190618263545074e-29
1,0.00115,-1.1288654113633618e-23,2.594085325041519e-29
1,0.00116,-9.897331052743778e-24,2.7800905247017934e-29
1,0.00117,-8.46735576506658e-24,2.977662828575007e-29
1,0.00118,-6.998395818935512e-24,3.187413399684039e-29
1,0.00119,-5.4901187923840166e-24,3.409980080071555e-29
1,0.0012,-3.94219227314535e-24,3.646028321791533e-29
1,0.00121,-2.3542838586524347e-24,3.8962521179007894e-29
1,0.00122,-7.260611560377152e-25,4.1613749757683e-29
1,0.00123,9.428082178669832e-25,4.442150928000343e-29
1,0.00124,2.6526566365306e-24,4.739365538663664e-29
1,0.00125,4.403816463722983e-24,5.053836961230389e-29
1,0.00126,6.1966200535150314e-24,5.386416973013058e-29
1,0.00127,8.03139975027884e-24,5.737992145956991e-29
1,0.00128,9.908487888687846e-24,6.109484923393122e-29
1,0.00129,1.1828216793716965e-23,6.501854743810591e-29
1,0.0013,1.3790918780642746e-23,6.916099310390648e-29
1,0.00131,1.5796926155043503e-23,7.353255691269362e-29
1,0.00132,1.784657121279947e-23,7.814401654899205e-29
1,0.00133,1.994018624009294e-23,8.300656873755268e-29
1,0.00134,2.20781035134084e-23,8.813184212677067e-29
1,0.00135,2.4260655299532696e-23,9.353191111249904e-29
1,0.00136,2.6488173855555153e-23,9.921930881550624e-29
1,0.00137,2.8760991428867744e-23,1.0520704118740843e-28
1,0.00138,3.1079440257165204e-23,1.1150860121064117e-28
1,0.00139,3.34438525684452e-23,1.1813798291035213e-28
1,0.0014,3.585456058100846e-23,1.2510969677688696e-28
1,0.00141,3.8311896503458933e-23,1.3243878500019607e-28
1,0.00142,4.0816192534703895e-23,1.4014083614000413e-28
1,0.00143,4.3367780863954145e-23,1.4823200130061235e-28
1,0.00144,4.596699367072411e-23,1.5672901068185892e-28
1,0.00145,4.861416312483201e-23,1.656491890016049e-28
1,0.00146,5.130962138639998e-23,1.7501047355132744e-28
1,0.00147,5.405370060585425e-23,1.8483143074708028e-28
1,0.00148,5.684673292392524e-23,1.9513127343277055e-28
1,0.00149,5.968905047164774e-23,2.059298794999893e-28
1,0.0015,6.258098537036106e-23,2.1724780881513013e-28
1,0.00151,6.552286973170912e-23,2.2910632372001073e-28
1,0.00152,6.851503565764068e-23,2.4152740652322877e-28
1,0.00153,7.155781524040941e-23,2.545337794365461e-28
1,0.00154,7.465154056257403e-23,2.681489252635893e-28
1,0.00155,7.779654369699853e-23,2.8239710545544298e-28
1,0.00156,8.099315670685225e-23,2.9730338305629942e-28
1,0.00157,8.424171164561003e-23,3.1289364151136827e-28
1,0.00158,8.754254055705238e-23,3.291946076125262e-28
1,0.00159,9.089597547526561e-23,3.4623387369165027e-28
1,0.0016,9.430234842464194e-23,3.6403991793316036e-28
1,0.00161,9.776199141987971e-23,3.826421280719852e-28
1,0.00162,1.0127523646598347e-22,4.0207082546768677e-28
1,0.00163,1.0484241555826416e-22,4.223572876739517e-28
1,0.00164,1.0846386068233922e-22,4.435337706319248e-28
1,0.00165,1.1213990381413276e-22,4.656335368820733e-28
1,0.00166,1.1587087691987571e-22,4.886908777575203e-28
1,0.00167,1.1965711195610592e-22,5.127411400912763e-28
1,0.00168,1.2349894086966832e-22,5.378207495380474e-28
1,0.00169,1.2739669559771511e-22,5.639672406668904e-28
1,0.0017,1.313507080677059e-22,5.912192810353371e-28
1,0.00171,1.3536131019740772e-22,6.196166990251007e-28
1,0.00172,1.3942883389489537e-22,6.492005109254656e-28
1,0.00173,1.4355361105855139e-22,6.800129510259427e-28
1,0.00174,1.4773597357706635e-22,7.120974986996594e-28
1,0.00175,1.5197625332943883e-22,7.454989077436983e-28
1,0.00176,1.5627478218497573e-22,7.802632364717529e-28
1,0.00177,1.6063189200329225e-22,8.164378793114156e-28
1,0.00178,1.6504791463431224e-22,8.540715916306184e-28
1,0.00179,1.6952318191826812e-22,8.932145318673504e-28
1,0.0018,1.7405802568570117e-22,9.33918283346833e-28
1,0.00181,1.7865277775746163e-22,9.762358903927064e-28
1,0.00182,1.833077699447088e-22,1.0202218929335833e-27
1,0.00183,1.8802333404891134e-22,1.0659323550910713e-27
1,0.00184,1.9279980186184717e-22,1.1134249073094907e-27
1,0.00185,1.9763750516560385e-22,1.1627587704299985e-27
1,0.00186,2.0253677573257853e-22,1.213994800829572e-27
1,0.00187,2.074979453254783e-22,1.2671955175043978e-27
1,0.00188,2.1252134569732006e-22,1.3224251487134888e-27
1,0.00189,2.1760730859143098e-22,1.3797496560528072e-27
1,0.0019,2.227561657414484e-22,1.439236784108147e-27
1,0.00191,2.2796824887132007e-22,1.5009560905477888e-27
1,0.00192,2.332438896953043e-22,1.5649789882522171e-27
1,0.00193,2.3858341991797005e-22,1.631378784434573e-27
1,0.00194,2.4398717123419714e-22,1.7002307167518405e-27
1,0.00195,2.4945547532917636e-22,1.771612002957727e-27
1,0.00196,2.5498866387840967e-22,1.8456018679860544e-27
1,0.00197,2.6058706854771015e-22,1.9222816071453345e-27
1,0.00198,2.662510209932024e-22,2.0017346041743627e-27
1,0.00199,2.7198085286132255e-22,2.084046388418263e-27
1,0.002,2.7777689578881843e-22,2.1693046829767367e-27
