metric_id,description,numerator,denominator,rate,wilson_95_low,wilson_95_high,claim_boundary
review_completion,Reviewed outcome-ready P0 packets in the freeze,146,146,1.0,0.9744,1.0,"Freeze completeness metric, not a population probability."
correct_block_all_reviewed,correct_block among all reviewed P0 outcome-ready packets,99,146,0.6781,0.5986,0.7485,Descriptive rate within the frozen reviewed set only.
false_block_all_reviewed,false_block among all reviewed P0 outcome-ready packets,22,146,0.1507,0.1017,0.2176,Descriptive rate within the frozen reviewed set only.
needs_more_evidence_all_reviewed,needs_more_evidence among all reviewed P0 outcome-ready packets,25,146,0.1712,0.1188,0.2406,Descriptive unresolved-evidence rate within the frozen reviewed set only.
correct_block_resolved_only,correct_block among resolved reviewed outcomes,99,121,0.8182,0.74,0.8768,Resolved-only descriptive rate; unresolved packets are explicitly excluded.
false_block_resolved_only,false_block among resolved reviewed outcomes,22,121,0.1818,0.1232,0.26,Resolved-only descriptive rate; unresolved packets are explicitly excluded.
identity_conflict_correct_block,identity_conflict_masked packets labeled correct_block,4,4,1.0,0.5101,1.0,Pattern-specific observation within the frozen set.
blocked_pdp_needs_more_evidence,blocked_pdp packets that remained needs_more_evidence,7,7,1.0,0.6457,1.0,Evidence-boundary observation; blocked PDP is not outcome evidence by itself.
latest_pdp_temporal_false_block,latest PDP temporal-authority packets labeled false_block,14,48,0.2917,0.1824,0.4318,Temporal-authority observation within the frozen set.
