batch_id,row_count,first_priority_rank,last_priority_rank,priority_counts,reviewer_packet_csv,response_template_csv
backfill_batch_001,100,7,106,"{""P0"": 100}",outputs/latentatlas/action_time_backfill_execution_batches_v1/batches/backfill_batch_001_reviewer_packet.csv,outputs/latentatlas/action_time_backfill_execution_batches_v1/response_templates/backfill_batch_001_response_template.csv
backfill_batch_002,100,107,206,"{""P0"": 45, ""P1"": 55}",outputs/latentatlas/action_time_backfill_execution_batches_v1/batches/backfill_batch_002_reviewer_packet.csv,outputs/latentatlas/action_time_backfill_execution_batches_v1/response_templates/backfill_batch_002_response_template.csv
backfill_batch_003,100,207,306,"{""P1"": 100}",outputs/latentatlas/action_time_backfill_execution_batches_v1/batches/backfill_batch_003_reviewer_packet.csv,outputs/latentatlas/action_time_backfill_execution_batches_v1/response_templates/backfill_batch_003_response_template.csv
backfill_batch_004,100,307,406,"{""P1"": 100}",outputs/latentatlas/action_time_backfill_execution_batches_v1/batches/backfill_batch_004_reviewer_packet.csv,outputs/latentatlas/action_time_backfill_execution_batches_v1/response_templates/backfill_batch_004_response_template.csv
backfill_batch_005,100,407,506,"{""P1"": 100}",outputs/latentatlas/action_time_backfill_execution_batches_v1/batches/backfill_batch_005_reviewer_packet.csv,outputs/latentatlas/action_time_backfill_execution_batches_v1/response_templates/backfill_batch_005_response_template.csv
backfill_batch_006,100,507,606,"{""P1"": 100}",outputs/latentatlas/action_time_backfill_execution_batches_v1/batches/backfill_batch_006_reviewer_packet.csv,outputs/latentatlas/action_time_backfill_execution_batches_v1/response_templates/backfill_batch_006_response_template.csv
backfill_batch_007,100,607,706,"{""P1"": 100}",outputs/latentatlas/action_time_backfill_execution_batches_v1/batches/backfill_batch_007_reviewer_packet.csv,outputs/latentatlas/action_time_backfill_execution_batches_v1/response_templates/backfill_batch_007_response_template.csv
backfill_batch_008,100,707,806,"{""P1"": 100}",outputs/latentatlas/action_time_backfill_execution_batches_v1/batches/backfill_batch_008_reviewer_packet.csv,outputs/latentatlas/action_time_backfill_execution_batches_v1/response_templates/backfill_batch_008_response_template.csv
backfill_batch_009,100,807,906,"{""P1"": 100}",outputs/latentatlas/action_time_backfill_execution_batches_v1/batches/backfill_batch_009_reviewer_packet.csv,outputs/latentatlas/action_time_backfill_execution_batches_v1/response_templates/backfill_batch_009_response_template.csv
backfill_batch_010,100,907,1006,"{""P1"": 100}",outputs/latentatlas/action_time_backfill_execution_batches_v1/batches/backfill_batch_010_reviewer_packet.csv,outputs/latentatlas/action_time_backfill_execution_batches_v1/response_templates/backfill_batch_010_response_template.csv
backfill_batch_011,100,1007,1106,"{""P1"": 100}",outputs/latentatlas/action_time_backfill_execution_batches_v1/batches/backfill_batch_011_reviewer_packet.csv,outputs/latentatlas/action_time_backfill_execution_batches_v1/response_templates/backfill_batch_011_response_template.csv
backfill_batch_012,100,1107,1206,"{""P1"": 100}",outputs/latentatlas/action_time_backfill_execution_batches_v1/batches/backfill_batch_012_reviewer_packet.csv,outputs/latentatlas/action_time_backfill_execution_batches_v1/response_templates/backfill_batch_012_response_template.csv
backfill_batch_013,100,1207,1306,"{""P1"": 100}",outputs/latentatlas/action_time_backfill_execution_batches_v1/batches/backfill_batch_013_reviewer_packet.csv,outputs/latentatlas/action_time_backfill_execution_batches_v1/response_templates/backfill_batch_013_response_template.csv
backfill_batch_014,100,1307,1406,"{""P1"": 100}",outputs/latentatlas/action_time_backfill_execution_batches_v1/batches/backfill_batch_014_reviewer_packet.csv,outputs/latentatlas/action_time_backfill_execution_batches_v1/response_templates/backfill_batch_014_response_template.csv
backfill_batch_015,100,1407,1506,"{""P1"": 100}",outputs/latentatlas/action_time_backfill_execution_batches_v1/batches/backfill_batch_015_reviewer_packet.csv,outputs/latentatlas/action_time_backfill_execution_batches_v1/response_templates/backfill_batch_015_response_template.csv
backfill_batch_016,100,1507,1606,"{""P1"": 100}",outputs/latentatlas/action_time_backfill_execution_batches_v1/batches/backfill_batch_016_reviewer_packet.csv,outputs/latentatlas/action_time_backfill_execution_batches_v1/response_templates/backfill_batch_016_response_template.csv
backfill_batch_017,100,1607,1706,"{""P1"": 100}",outputs/latentatlas/action_time_backfill_execution_batches_v1/batches/backfill_batch_017_reviewer_packet.csv,outputs/latentatlas/action_time_backfill_execution_batches_v1/response_templates/backfill_batch_017_response_template.csv
backfill_batch_018,100,1707,1806,"{""P1"": 100}",outputs/latentatlas/action_time_backfill_execution_batches_v1/batches/backfill_batch_018_reviewer_packet.csv,outputs/latentatlas/action_time_backfill_execution_batches_v1/response_templates/backfill_batch_018_response_template.csv
backfill_batch_019,100,1807,1906,"{""P1"": 100}",outputs/latentatlas/action_time_backfill_execution_batches_v1/batches/backfill_batch_019_reviewer_packet.csv,outputs/latentatlas/action_time_backfill_execution_batches_v1/response_templates/backfill_batch_019_response_template.csv
backfill_batch_020,100,1907,2006,"{""P1"": 8, ""P2"": 92}",outputs/latentatlas/action_time_backfill_execution_batches_v1/batches/backfill_batch_020_reviewer_packet.csv,outputs/latentatlas/action_time_backfill_execution_batches_v1/response_templates/backfill_batch_020_response_template.csv
backfill_batch_021,100,2007,2106,"{""P2"": 100}",outputs/latentatlas/action_time_backfill_execution_batches_v1/batches/backfill_batch_021_reviewer_packet.csv,outputs/latentatlas/action_time_backfill_execution_batches_v1/response_templates/backfill_batch_021_response_template.csv
backfill_batch_022,100,2107,2206,"{""P2"": 100}",outputs/latentatlas/action_time_backfill_execution_batches_v1/batches/backfill_batch_022_reviewer_packet.csv,outputs/latentatlas/action_time_backfill_execution_batches_v1/response_templates/backfill_batch_022_response_template.csv
backfill_batch_023,100,2207,2306,"{""P2"": 100}",outputs/latentatlas/action_time_backfill_execution_batches_v1/batches/backfill_batch_023_reviewer_packet.csv,outputs/latentatlas/action_time_backfill_execution_batches_v1/response_templates/backfill_batch_023_response_template.csv
backfill_batch_024,100,2307,2406,"{""P2"": 100}",outputs/latentatlas/action_time_backfill_execution_batches_v1/batches/backfill_batch_024_reviewer_packet.csv,outputs/latentatlas/action_time_backfill_execution_batches_v1/response_templates/backfill_batch_024_response_template.csv
backfill_batch_025,100,2407,2506,"{""P2"": 100}",outputs/latentatlas/action_time_backfill_execution_batches_v1/batches/backfill_batch_025_reviewer_packet.csv,outputs/latentatlas/action_time_backfill_execution_batches_v1/response_templates/backfill_batch_025_response_template.csv
backfill_batch_026,100,2507,2606,"{""P2"": 100}",outputs/latentatlas/action_time_backfill_execution_batches_v1/batches/backfill_batch_026_reviewer_packet.csv,outputs/latentatlas/action_time_backfill_execution_batches_v1/response_templates/backfill_batch_026_response_template.csv
backfill_batch_027,8,2607,2614,"{""P2"": 8}",outputs/latentatlas/action_time_backfill_execution_batches_v1/batches/backfill_batch_027_reviewer_packet.csv,outputs/latentatlas/action_time_backfill_execution_batches_v1/response_templates/backfill_batch_027_response_template.csv
