batch_id,queue_id,event_id,reviewer_id_hash,reviewed_at,reviewed_outcome,confidence,adjudication_status,notes_code,rationale_short,evidence_requested_if_needs_more_evidence
backfill_batch_024,review-backfill-7cff898911e60ec7a81cdb91,real-shadow-event-2f0b17c95b7cb02cd9ea6ba3,,,,,pending,,,
backfill_batch_024,review-backfill-6dceda682f10ffc6c7f765d4,real-shadow-event-2f192b23daa84545577ae806,,,,,pending,,,
backfill_batch_024,review-backfill-00671bf34fc076a9160d27e6,real-shadow-event-2f55a9c63147a377154f6704,,,,,pending,,,
backfill_batch_024,review-backfill-9b3e05d7853d2ece3c9affc8,real-shadow-event-2f98704ce6237f6464c42f8a,,,,,pending,,,
backfill_batch_024,review-backfill-1251fcd020d5a335b3135e33,real-shadow-event-2f9a58c83b5d95116544e23e,,,,,pending,,,
backfill_batch_024,review-backfill-55a2d09c6a8158353341d090,real-shadow-event-2fa748483d9c801c0c525d83,,,,,pending,,,
backfill_batch_024,review-backfill-2d52d61cbc8cf380cd2320a4,real-shadow-event-2fbd921f6c017ae3f5ff22da,,,,,pending,,,
backfill_batch_024,review-backfill-fed4aabecf386312214ef821,real-shadow-event-2ff5ab22e45e5261e7875be5,,,,,pending,,,
backfill_batch_024,review-backfill-92d201661ea6fa184f215582,real-shadow-event-2ff7e4cd552a0f174f9f9860,,,,,pending,,,
backfill_batch_024,review-backfill-f9dd8430d76ca0bcdfda5b7f,real-shadow-event-3031f0971336644287e3f24f,,,,,pending,,,
backfill_batch_024,review-backfill-84c7b734bc86b452c30d1837,real-shadow-event-303abd3a6d9d7b4d9bced376,,,,,pending,,,
backfill_batch_024,review-backfill-db48c21fed96b3e2fed4ee18,real-shadow-event-308f5d181bc252cffac9fa27,,,,,pending,,,
backfill_batch_024,review-backfill-76bc9af452458313fb6096f1,real-shadow-event-30ac41d386ab670416b842db,,,,,pending,,,
backfill_batch_024,review-backfill-1b9c2724e061ac40b559e139,real-shadow-event-30d2b0e7a08b470a4b2d269d,,,,,pending,,,
backfill_batch_024,review-backfill-0b860a2e38e389fa58e4600f,real-shadow-event-30f46edd987f0610259132dc,,,,,pending,,,
backfill_batch_024,review-backfill-b6ba6ec754b3cb33dbcb2d10,real-shadow-event-31221ad42b98965a73c0ea15,,,,,pending,,,
backfill_batch_024,review-backfill-4fc0cb70e5afff13aa3701a2,real-shadow-event-3131c0d6ea071792bca00e70,,,,,pending,,,
backfill_batch_024,review-backfill-5789a8e1819c91e0849ac168,real-shadow-event-31527e386ed0ce0c5f342a25,,,,,pending,,,
backfill_batch_024,review-backfill-16a9c91d051daaa4590aa3c0,real-shadow-event-3161d7d820b1846dc26d53e9,,,,,pending,,,
backfill_batch_024,review-backfill-a5797603af63f95f143861d1,real-shadow-event-3179a52d79eda0701b7cb94e,,,,,pending,,,
backfill_batch_024,review-backfill-19506893323ceb96a8a1aba2,real-shadow-event-319cc53748ff02e128b00849,,,,,pending,,,
backfill_batch_024,review-backfill-193040ad92f60af908604e76,real-shadow-event-31d7a829d1f6654100a092ac,,,,,pending,,,
backfill_batch_024,review-backfill-3f25a30d5b4fb1d93529fc9a,real-shadow-event-31de9706e8346dc348b00c8e,,,,,pending,,,
backfill_batch_024,review-backfill-410322e801baea59b38225a4,real-shadow-event-31f80ce997798b9278fc65e4,,,,,pending,,,
backfill_batch_024,review-backfill-97436a64689d511039c3addc,real-shadow-event-31fc39509c00da97f08dd373,,,,,pending,,,
backfill_batch_024,review-backfill-5c2964b208566f141ff55d46,real-shadow-event-328f4f9249220f43dafcba18,,,,,pending,,,
backfill_batch_024,review-backfill-8e89e5e148ce7d9f6aa4450a,real-shadow-event-32eb25e3bd4f26c617a866c5,,,,,pending,,,
backfill_batch_024,review-backfill-6b7da93649e39a50cde46bd8,real-shadow-event-330dcfcd8babc39dd57fe7e7,,,,,pending,,,
backfill_batch_024,review-backfill-1a6a5c8fa53ac6e12e82c660,real-shadow-event-331953c22e603bb05cb7a598,,,,,pending,,,
backfill_batch_024,review-backfill-17dabe70e063d9b8ac76eef8,real-shadow-event-334ea6e1eb1dd629056edfe2,,,,,pending,,,
backfill_batch_024,review-backfill-97d8b7e965bf1c4c9b5996f2,real-shadow-event-3359f5095b68fe22f75a22d3,,,,,pending,,,
backfill_batch_024,review-backfill-036725236a0545388b4df85d,real-shadow-event-3388f50f10b839f34eb7dd2b,,,,,pending,,,
backfill_batch_024,review-backfill-8ceecea318cbfadfc70ad085,real-shadow-event-33a128c76b3095f080f2582f,,,,,pending,,,
backfill_batch_024,review-backfill-970a0d81ec4f47ed7bb0fad5,real-shadow-event-33ad98f73cffa6a2b4eafe21,,,,,pending,,,
backfill_batch_024,review-backfill-24f39e37f5b9cb1d5f53836c,real-shadow-event-33e96b60c309040f7727c482,,,,,pending,,,
backfill_batch_024,review-backfill-515b2f77803cf47cdc3cb5bc,real-shadow-event-33f6bf5ffc81d188f3ee43a5,,,,,pending,,,
backfill_batch_024,review-backfill-a9e822a2cd946be5408d5e1e,real-shadow-event-33f8d7d3a718fc3189a1f6f6,,,,,pending,,,
backfill_batch_024,review-backfill-07e07e5d8a8bf56c0c6c128d,real-shadow-event-34089ddeebe1a41a0b431863,,,,,pending,,,
backfill_batch_024,review-backfill-8c34aae7757429a71b0c0b4e,real-shadow-event-34187d78df2e23221477a4ff,,,,,pending,,,
backfill_batch_024,review-backfill-1320b232b205cb0037c5cd5d,real-shadow-event-343d0777742ec32b806eadd4,,,,,pending,,,
backfill_batch_024,review-backfill-43d45b4cc9ed29e2c4130d8a,real-shadow-event-3465dec8162f671e2dcac560,,,,,pending,,,
backfill_batch_024,review-backfill-262a7c73ac6be5394e495c74,real-shadow-event-34ade1bc2b33764c06a4c869,,,,,pending,,,
backfill_batch_024,review-backfill-0945f7c2eef81db989a7cdca,real-shadow-event-34e4290b98ee26433e59968f,,,,,pending,,,
backfill_batch_024,review-backfill-a6b0042d27607b49823dcb73,real-shadow-event-34f360355e15ba4a4d4ef565,,,,,pending,,,
backfill_batch_024,review-backfill-f9cfdf96407384496751ddaf,real-shadow-event-35318a87e2fdb7093f8516f4,,,,,pending,,,
backfill_batch_024,review-backfill-2517eec5c3da208f28496d88,real-shadow-event-353d364dc5b75e9d47c8478e,,,,,pending,,,
backfill_batch_024,review-backfill-d3c8c5ab384990cfbdd6f2b2,real-shadow-event-354dc94489a329eddb748a92,,,,,pending,,,
backfill_batch_024,review-backfill-9600948612e1746c21124b7d,real-shadow-event-354eb86dcddff10cca297f6a,,,,,pending,,,
backfill_batch_024,review-backfill-ae2ee49aaa49f9ef1010e16f,real-shadow-event-355baebc31b71e517526758e,,,,,pending,,,
backfill_batch_024,review-backfill-0e3058d0f37191fadb12f962,real-shadow-event-35635bc71dddab98be3529eb,,,,,pending,,,
backfill_batch_024,review-backfill-e7d2d50df6f3ab358c70600a,real-shadow-event-3583ebb98864ad0f71758b9b,,,,,pending,,,
backfill_batch_024,review-backfill-2921bcf49055a8a78ea9acf0,real-shadow-event-35a7ac574623b76a73b51281,,,,,pending,,,
backfill_batch_024,review-backfill-515073b104d9bb2cd991f995,real-shadow-event-35bce97f32fb80f3568f0a56,,,,,pending,,,
backfill_batch_024,review-backfill-9c71b49d7aeb460f18bf1c7a,real-shadow-event-35c2c07e17244465b21bf260,,,,,pending,,,
backfill_batch_024,review-backfill-ab69f4545f05e1c49fb2ede8,real-shadow-event-35c5f8ae62e1d3209fe3f8a6,,,,,pending,,,
backfill_batch_024,review-backfill-c1cd7dcce47a91092656f616,real-shadow-event-35e7f278e497ce592ec3b8d9,,,,,pending,,,
backfill_batch_024,review-backfill-77b1d57db9afbcde877d9b1e,real-shadow-event-360a20765bb99e71d7b5fe61,,,,,pending,,,
backfill_batch_024,review-backfill-98a49d31a90afa483e63057d,real-shadow-event-360fc05d8c6f74d274402295,,,,,pending,,,
backfill_batch_024,review-backfill-d3b80d376187650c42c89246,real-shadow-event-365878360d4a32c70a0514a4,,,,,pending,,,
backfill_batch_024,review-backfill-7c91ca87a0b16dc3b1a1717d,real-shadow-event-365bc80bc0c40e580c1588c1,,,,,pending,,,
backfill_batch_024,review-backfill-0c8886d8c5c2e1b275bc7e2c,real-shadow-event-365e2efc9670b4d5d32d4871,,,,,pending,,,
backfill_batch_024,review-backfill-4b12b80b6d83f33e200360e1,real-shadow-event-366cf0850ca56835826dbb0e,,,,,pending,,,
backfill_batch_024,review-backfill-5d24a2dcb00a4fa3534af5f4,real-shadow-event-366ffed722d08bc9af58da20,,,,,pending,,,
backfill_batch_024,review-backfill-48b9c702e4364763fc1fe75e,real-shadow-event-367ef7afb0361254d52cebe9,,,,,pending,,,
backfill_batch_024,review-backfill-22e4366f893578dc4490a12a,real-shadow-event-36e6c8fd1e0c6da294ede7a4,,,,,pending,,,
backfill_batch_024,review-backfill-03143b271f651b56602d831d,real-shadow-event-36f4f5998d7ddd10c7c13ee3,,,,,pending,,,
backfill_batch_024,review-backfill-3f09759f8570d51e582d3838,real-shadow-event-3739b44f3862ee89488d7d83,,,,,pending,,,
backfill_batch_024,review-backfill-1d01fa08175e2c54469d5080,real-shadow-event-375ed7cd88c0fb1d5a7df21b,,,,,pending,,,
backfill_batch_024,review-backfill-52a347b1b1f29267b5998685,real-shadow-event-375fd009b5b41cc6f643dc98,,,,,pending,,,
backfill_batch_024,review-backfill-c4906fd9a5078291c70d7e68,real-shadow-event-37c54f7ceb5b041078321508,,,,,pending,,,
backfill_batch_024,review-backfill-79ed35f9e783574de3773884,real-shadow-event-37f8db4300056269733f6a25,,,,,pending,,,
backfill_batch_024,review-backfill-46e217d55368ba6593cf5027,real-shadow-event-3831c424402b9c4742fc7e3b,,,,,pending,,,
backfill_batch_024,review-backfill-b280a0b80310851e1cb41165,real-shadow-event-386bdda955f8cc59b0aef1b1,,,,,pending,,,
backfill_batch_024,review-backfill-1c537da9ade2a73fb4fcbfbb,real-shadow-event-38835663dd4272d019101952,,,,,pending,,,
backfill_batch_024,review-backfill-8c9904448d08981d9ef866fb,real-shadow-event-38a40b12b228a915e24cb96d,,,,,pending,,,
backfill_batch_024,review-backfill-14058adaaf5439eef83fdd37,real-shadow-event-38e3f189be3008982ac685f5,,,,,pending,,,
backfill_batch_024,review-backfill-bf7f5737370e5e9d9ddf1e0b,real-shadow-event-3933bf2295526e26bebe01a3,,,,,pending,,,
backfill_batch_024,review-backfill-d89d25f0dcaf912e96decaca,real-shadow-event-396609fe7d328971809295e8,,,,,pending,,,
backfill_batch_024,review-backfill-b0cd5b7a06cf9122381ee60b,real-shadow-event-39720a7d10ee92f80a4aaacf,,,,,pending,,,
backfill_batch_024,review-backfill-19be83b972d73e4a34a3f8b8,real-shadow-event-39810866636044c7dc21d73e,,,,,pending,,,
backfill_batch_024,review-backfill-1b526fddaae288340eb3eaf4,real-shadow-event-39ba49455b7f37011b1056d1,,,,,pending,,,
backfill_batch_024,review-backfill-7d7235f605fbff945d2b3e72,real-shadow-event-39cfe498db968be4a58097c8,,,,,pending,,,
backfill_batch_024,review-backfill-5fe25db965ae6edaed31abe3,real-shadow-event-3a0e4d8f9495a042a902dc0f,,,,,pending,,,
backfill_batch_024,review-backfill-0a7170913a2a675c08c1fc65,real-shadow-event-3a15f2993849ed47bb36275f,,,,,pending,,,
backfill_batch_024,review-backfill-37d10e38b0af7fc2a1bf4b1e,real-shadow-event-3a16eb048dd3bee61769f939,,,,,pending,,,
backfill_batch_024,review-backfill-311b4db233ea570f54a23764,real-shadow-event-3a5dd7fc8c72fb5d44928dda,,,,,pending,,,
backfill_batch_024,review-backfill-00cad0f4fbe73107f148f9de,real-shadow-event-3a97723fa0dd261d320f67be,,,,,pending,,,
backfill_batch_024,review-backfill-0e957430f06499ef0b9dcb0d,real-shadow-event-3aae32bc54b7afb2e3310773,,,,,pending,,,
backfill_batch_024,review-backfill-ef5277bfc5170fa1c1e30b6f,real-shadow-event-3acbb6507090aef6a1291d04,,,,,pending,,,
backfill_batch_024,review-backfill-ff93e0692d5e58629dd8f999,real-shadow-event-3af89b29734ddb7563af8c48,,,,,pending,,,
backfill_batch_024,review-backfill-12e4073942b4a6b3ab8a1270,real-shadow-event-3b521c24ce0d67c17d5e3d7a,,,,,pending,,,
backfill_batch_024,review-backfill-e8e4f80406067865b8a49e9a,real-shadow-event-3bc4f6ef32fce13747a99330,,,,,pending,,,
backfill_batch_024,review-backfill-9c219564ec7d42d93fdb9b12,real-shadow-event-3bce42f4c67f5e762270ea3a,,,,,pending,,,
backfill_batch_024,review-backfill-629bd8299f28e517168d0cf8,real-shadow-event-3bd70209449336f96d9e438f,,,,,pending,,,
backfill_batch_024,review-backfill-76fc31168d13082723c327d8,real-shadow-event-3beea50735373b73f43a6c2c,,,,,pending,,,
backfill_batch_024,review-backfill-f980707cdbd1491744212f3b,real-shadow-event-3bf24153f06ab4ae9efe5cc7,,,,,pending,,,
backfill_batch_024,review-backfill-198e1ec184fa958681a27a11,real-shadow-event-3c259790dfed4c02192b05fb,,,,,pending,,,
backfill_batch_024,review-backfill-5923585a40d29283c09608bc,real-shadow-event-3c36ec1ac4a7fbd9f64db008,,,,,pending,,,
backfill_batch_024,review-backfill-cb03f8ad57709c112d6d7501,real-shadow-event-3c383815b0dc5363a3148877,,,,,pending,,,
backfill_batch_024,review-backfill-62983320bbbd8d5732b46a79,real-shadow-event-3c691515e3978416052a3f82,,,,,pending,,,
