target_id,gap_source,stratum_group,stratum_value,current,minimum,gap,priority,collection_lane,review_lane,negative_control_minimum,allowed_evidence,blocked_evidence
independent_review:action_type:confirm_visual_price_before_update,independent_review,action_type,confirm_visual_price_before_update,1,100,99,P0,visual_price_before_update_shadow_event,independent_review_execution_or_source_collection,10,Masked pre-update price validation packets with only comparator booleans and evidence hashes.,"raw URLs, raw titles, prices, sellers, availability text, customer data, personal data, tenant payloads, source rows, production access, or unmasked screenshots"
total:action_type:resolve_official_truth_identity_guard,total,action_type,resolve_official_truth_identity_guard,4,100,96,P0,official_truth_identity_guard_shadow_event,source_collection_then_independent_review,10,Masked identity-guard conflict packets at the official truth boundary.,"raw URLs, raw titles, prices, sellers, availability text, customer data, personal data, tenant payloads, source rows, production access, or unmasked screenshots"
independent_review:exposure_band:material,independent_review,exposure_band,material,8,100,92,P0,material_exposure_shadow_event,independent_review_execution_or_source_collection,10,Masked material-exposure packets below severe/critical exposure.,"raw URLs, raw titles, prices, sellers, availability text, customer data, personal data, tenant payloads, source rows, production access, or unmasked screenshots"
independent_review:likelihood_band:possible,independent_review,likelihood_band,possible,8,100,92,P0,possible_likelihood_shadow_event,independent_review_execution_or_source_collection,10,Masked lower-certainty packets labelled possible at risk-assessment time.,"raw URLs, raw titles, prices, sellers, availability text, customer data, personal data, tenant payloads, source rows, production access, or unmasked screenshots"
independent_review:action_type:resolve_seller_comparability_before_materialization,independent_review,action_type,resolve_seller_comparability_before_materialization,20,100,80,P1,seller_comparability_shadow_event,independent_review_execution_or_source_collection,8,Masked seller-comparability packets before action materialization.,"raw URLs, raw titles, prices, sellers, availability text, customer data, personal data, tenant payloads, source rows, production access, or unmasked screenshots"
independent_review:action_type:confirm_offer_condition_comparability,independent_review,action_type,confirm_offer_condition_comparability,25,100,75,P1,condition_comparability_shadow_event,independent_review_execution_or_source_collection,8,"Masked offer-condition comparability packets with condition, seller, and price fields reduced to hashes or booleans.","raw URLs, raw titles, prices, sellers, availability text, customer data, personal data, tenant payloads, source rows, production access, or unmasked screenshots"
total:action_type:confirm_offer_condition_comparability,total,action_type,confirm_offer_condition_comparability,25,100,75,P1,condition_comparability_shadow_event,source_collection_then_independent_review,8,"Masked offer-condition comparability packets with condition, seller, and price fields reduced to hashes or booleans.","raw URLs, raw titles, prices, sellers, availability text, customer data, personal data, tenant payloads, source rows, production access, or unmasked screenshots"
independent_review:action_type:recheck_identity_and_source_before_materialization,independent_review,action_type,recheck_identity_and_source_before_materialization,29,100,71,P1,identity_source_recheck_shadow_event,independent_review_execution_or_source_collection,8,Masked identity/source recheck packets before materialization.,"raw URLs, raw titles, prices, sellers, availability text, customer data, personal data, tenant payloads, source rows, production access, or unmasked screenshots"
total:action_type:manual_review_before_materialization,total,action_type,manual_review_before_materialization,52,100,48,P2,manual_review_before_materialization_shadow_event,source_collection_then_independent_review,5,Masked pre-materialization review packets where action-time authority is uncertain.,"raw URLs, raw titles, prices, sellers, availability text, customer data, personal data, tenant payloads, source rows, production access, or unmasked screenshots"
independent_review:timing:scheduled,independent_review,timing,scheduled,91,100,9,P2,scheduled_action_shadow_event,independent_review_execution_or_source_collection,5,Masked scheduled-action packets where timing is explicitly scheduled.,"raw URLs, raw titles, prices, sellers, availability text, customer data, personal data, tenant payloads, source rows, production access, or unmasked screenshots"
total:action_type:recheck_primary_offer_availability,total,action_type,recheck_primary_offer_availability,95,100,5,P2,availability_recheck_shadow_event,source_collection_then_independent_review,5,Masked availability/access recheck packets with no raw PDP URL or seller text.,"raw URLs, raw titles, prices, sellers, availability text, customer data, personal data, tenant payloads, source rows, production access, or unmasked screenshots"
total:timing:scheduled,total,timing,scheduled,95,100,5,P2,scheduled_action_shadow_event,source_collection_then_independent_review,5,Masked scheduled-action packets where timing is explicitly scheduled.,"raw URLs, raw titles, prices, sellers, availability text, customer data, personal data, tenant payloads, source rows, production access, or unmasked screenshots"
