fixture,family,fixture_type,expected_result,assertion_state,claim_boundary
stale evidence read positive 001,Stale evidence read,positive,detect stale evidence read,pass,Synthetic fixture assertion only; not an empirical outcome row.
stale evidence read negative 001,Stale evidence read,negative,do not detect stale evidence read,pass,Synthetic fixture assertion only; not an empirical outcome row.
identity and timing split positive 001,Identity and timing split,positive,detect identity and timing split,pass,Synthetic fixture assertion only; not an empirical outcome row.
identity and timing split negative 001,Identity and timing split,negative,do not detect identity and timing split,pass,Synthetic fixture assertion only; not an empirical outcome row.
expired or missing authority positive 001,Expired or missing authority,positive,detect expired or missing authority,pass,Synthetic fixture assertion only; not an empirical outcome row.
expired or missing authority negative 001,Expired or missing authority,negative,do not detect expired or missing authority,pass,Synthetic fixture assertion only; not an empirical outcome row.
state changed before execution positive 001,State changed before execution,positive,detect state changed before execution,pass,Synthetic fixture assertion only; not an empirical outcome row.
state changed before execution negative 001,State changed before execution,negative,do not detect state changed before execution,pass,Synthetic fixture assertion only; not an empirical outcome row.
visibility mistaken for truth positive 001,Visibility mistaken for truth,positive,detect visibility mistaken for truth,pass,Synthetic fixture assertion only; not an empirical outcome row.
visibility mistaken for truth negative 001,Visibility mistaken for truth,negative,do not detect visibility mistaken for truth,pass,Synthetic fixture assertion only; not an empirical outcome row.
outside-context contamination positive 001,Outside-context contamination,positive,detect outside-context contamination,pass,Synthetic fixture assertion only; not an empirical outcome row.
outside-context contamination negative 001,Outside-context contamination,negative,do not detect outside-context contamination,pass,Synthetic fixture assertion only; not an empirical outcome row.
