queue_id,event_id,reviewer_id_hash,reviewed_at,reviewed_outcome,confidence,adjudication_status,notes_code,priority_rank,priority_band,action_type,execution_verdict,observed_change_type,packet_sufficiency_label,outcome_adjudication_allowed,decision_causal_link,insufficiency_marker,contradiction_marker,pdp_temporal_authority_evidence
review-backfill-d2dc8ccd86d4d804d978365c,real-shadow-event-36173b1b67b71696f7a6aaeb,reviewer01_hsyn,2026-07-12T05:59:54+03:00,correct_block,high,single_reviewed,masked_identity_conflict_supports_block,1,P0,resolve_official_truth_identity_guard,blocked_identity_changed,identity_conflict_masked,sufficient_for_outcome_adjudication,True,identity_conflict_masked_supports_blocked_identity_changed_block_action,none,none,not_observed
review-backfill-1bde575de4c014c1663d215b,real-shadow-event-c5f2c592f4428ba628f1c273,reviewer01_hsyn,2026-07-12T06:02:36+03:00,correct_block,high,single_reviewed,masked_identity_conflict_supports_block,2,P0,resolve_official_truth_identity_guard,blocked_identity_changed,identity_conflict_masked,sufficient_for_outcome_adjudication,True,identity_conflict_masked_supports_blocked_identity_changed_block_action,none,none,not_observed
review-backfill-4966fd974cfa2c414760e486,real-shadow-event-c83394f7ed37be4ff26c292b,reviewer01_hsyn,2026-07-12T13:56:59+03:00,correct_block,high,single_reviewed,masked_identity_conflict_supports_block,3,P0,resolve_official_truth_identity_guard,blocked_identity_changed,identity_conflict_masked,sufficient_for_outcome_adjudication,True,identity_conflict_masked_supports_blocked_identity_changed_block_action,none,none,not_observed
review-backfill-52710db9025152e1a6598c9f,real-shadow-event-dd80c58e0274747024c6be77,reviewer01_hsyn,2026-07-12T13:59:02+03:00,correct_block,high,single_reviewed,masked_identity_conflict_supports_block,4,P0,resolve_official_truth_identity_guard,blocked_identity_changed,identity_conflict_masked,sufficient_for_outcome_adjudication,True,identity_conflict_masked_supports_blocked_identity_changed_block_action,none,none,not_observed
review-backfill-18c6fc1849785806e3ede7de,real-shadow-event-01079a5596873594f07d5037,reviewer01_hsyn,2026-07-13T04:31:24+03:00,false_block,medium,single_reviewed_revised_after_temporal_context_added,latest_pdp_record_should_supersede_stale_record_price_change_not_block_evidence,5,P0,manual_review_before_materialization,revalidation_required,not_action_grade_masked,sufficient_for_outcome_adjudication,True,not_action_grade_masked_supports_revalidation_required_request_revalidation,none,none,latest_pdp_review_pool_snapshot_present
review-backfill-2e345b09f8729b30771fca04,real-shadow-event-03e5a52aac3ab1188db598d7,reviewer01_hsyn,2026-07-12T14:48:27+03:00,correct_block,high,single_reviewed,masked_availability_uncertain_supports_revalidation,7,P0,recheck_primary_offer_availability,revalidation_required,availability_or_access_uncertain_masked,sufficient_for_outcome_adjudication,True,availability_or_access_uncertain_masked_supports_revalidation_required_request_revalidation,none,none,not_observed
review-backfill-cc53d28a1d7503ccba1857a7,real-shadow-event-0410c29ea02b5ab341846bf2,reviewer01_hsyn,2026-07-12T14:50:24+03:00,correct_block,high,single_reviewed,masked_availability_uncertain_supports_revalidation,8,P0,recheck_primary_offer_availability,revalidation_required,availability_or_access_uncertain_masked,sufficient_for_outcome_adjudication,True,availability_or_access_uncertain_masked_supports_revalidation_required_request_revalidation,none,none,not_observed
review-backfill-d5583f018eb8c7bb268ecfb8,real-shadow-event-0453126684bdbeb98a0316ff,reviewer01_hsyn,2026-07-12T15:03:26+03:00,needs_more_evidence,high,single_reviewed,blocked_pdp_evidence_insufficient_for_outcome_judgment,9,P0,manual_review_before_materialization,revalidation_required,availability_or_access_uncertain_masked,sufficient_for_outcome_adjudication,True,availability_or_access_uncertain_masked_supports_revalidation_required_request_revalidation,none,none,latest_pdp_review_pool_snapshot_present
review-backfill-ef696dbb850a7681882d30c8,real-shadow-event-046feb793f1b674b22946c7b,reviewer01_hsyn,2026-07-12T15:07:29+03:00,false_block,medium,single_reviewed,latest_pdp_record_should_supersede_stale_record_price_change_not_block_evidence,10,P0,manual_review_before_materialization,revalidation_required,not_action_grade_masked,sufficient_for_outcome_adjudication,True,not_action_grade_masked_supports_revalidation_required_request_revalidation,none,none,latest_pdp_review_pool_snapshot_present
review-backfill-3357a4d2c3ba4b237a5befcc,real-shadow-event-056dce2a1ce0876d5616a716,reviewer01_hsyn,2026-07-12T15:13:38+03:00,correct_block,high,single_reviewed,masked_availability_uncertain_supports_revalidation,11,P0,recheck_primary_offer_availability,revalidation_required,availability_or_access_uncertain_masked,sufficient_for_outcome_adjudication,True,availability_or_access_uncertain_masked_supports_revalidation_required_request_revalidation,none,none,not_observed
review-backfill-6af4e3db719d3797bf7da40c,real-shadow-event-05c3ab7e5fb1fede67eaaf72,reviewer01_hsyn,2026-07-12T15:15:17+03:00,needs_more_evidence,high,single_reviewed,blocked_pdp_evidence_insufficient_for_outcome_judgment,12,P0,manual_review_before_materialization,revalidation_required,availability_or_access_uncertain_masked,sufficient_for_outcome_adjudication,True,availability_or_access_uncertain_masked_supports_revalidation_required_request_revalidation,none,none,latest_pdp_review_pool_snapshot_present
review-backfill-e20b060a67572e2b68ea7ae7,real-shadow-event-077c84de690ab843d14ecc87,reviewer01_hsyn,2026-07-12T18:05:25+03:00,needs_more_evidence,high,single_reviewed,process_context_missing_price_change_ambiguity,14,P0,manual_review_before_materialization,revalidation_required,availability_or_access_uncertain_masked,sufficient_for_outcome_adjudication,True,availability_or_access_uncertain_masked_supports_revalidation_required_request_revalidation,none,none,latest_pdp_review_pool_snapshot_present
review-backfill-317e2e61810caf6124da1c3f,real-shadow-event-0eba1c60000f5f76f4940aa3,reviewer01_hsyn,2026-07-12T18:58:58+03:00,false_block,high,single_reviewed,all_visual_flags_true_revalidation_signal_false_block,16,P0,recheck_primary_offer_availability,revalidation_required,availability_or_access_uncertain_masked,sufficient_for_outcome_adjudication,True,visible_contradiction_requires_human_adjudication:revalidation_signal_conflicts_with_all_visual_flags_true,none,revalidation_signal_conflicts_with_all_visual_flags_true,not_observed
review-backfill-a83d8be7c23334e7c9483b70,real-shadow-event-113ea8da953c9b3626f4f232,reviewer01_hsyn,2026-07-12T21:35:52+03:00,correct_block,high,single_reviewed,availability_uncertain_not_action_grade_supports_revalidation,17,P0,recheck_primary_offer_availability,revalidation_required,availability_or_access_uncertain_masked,sufficient_for_outcome_adjudication,True,availability_or_access_uncertain_masked_supports_revalidation_required_request_revalidation,none,none,not_observed
review-backfill-3c42e24629d0d040c862ff2f,real-shadow-event-1259ad423bc4bb06207036ac,reviewer01_hsyn,2026-07-13T03:26:46+03:00,correct_block,high,cluster_reviewed_applied,availability_uncertain_not_action_grade_supports_revalidation,18,P0,recheck_primary_offer_availability,revalidation_required,availability_or_access_uncertain_masked,sufficient_for_outcome_adjudication,True,availability_or_access_uncertain_masked_supports_revalidation_required_request_revalidation,none,none,not_observed
review-backfill-6db347fa626f9df173d9be8e,real-shadow-event-186766f3e3689e6f18651060,reviewer01_hsyn,2026-07-13T09:44:18+03:00,correct_block,high,cluster_reviewed_applied,manual_review_correct_when_latest_pdp_flags_not_action_grade,19,P0,manual_review_before_materialization,revalidation_required,not_action_grade_masked,sufficient_for_outcome_adjudication,True,not_action_grade_masked_supports_revalidation_required_request_revalidation,none,none,latest_pdp_review_pool_snapshot_present
review-backfill-dc30d2a4709f54b4e51603af,real-shadow-event-1ce9fd5026063a8a45c715d1,reviewer01_hsyn,2026-07-13T09:44:18+03:00,false_block,high,cluster_reviewed_applied,all_visual_flags_true_revalidation_signal_false_block,20,P0,manual_review_before_materialization,revalidation_required,availability_or_access_uncertain_masked,sufficient_for_outcome_adjudication,True,visible_contradiction_requires_human_adjudication:revalidation_signal_conflicts_with_all_visual_flags_true,none,revalidation_signal_conflicts_with_all_visual_flags_true,latest_pdp_review_pool_snapshot_present
review-backfill-d8318ce2282957a34154e8ba,real-shadow-event-1eaa8b7ff97842c0645f4144,reviewer01_hsyn,2026-07-13T09:44:18+03:00,correct_block,high,cluster_reviewed_applied,availability_recheck_correct_when_availability_unconfirmed,21,P0,recheck_primary_offer_availability,revalidation_required,availability_or_access_uncertain_masked,sufficient_for_outcome_adjudication,True,availability_or_access_uncertain_masked_supports_revalidation_required_request_revalidation,none,none,not_observed
review-backfill-3a757cf569976b40a892da0d,real-shadow-event-1f8a64fdcf6fc1fd3efec1cb,reviewer01_hsyn,2026-07-13T04:18:14+03:00,correct_block,high,cluster_reviewed_applied,masked_availability_uncertain_supports_revalidation,22,P0,recheck_primary_offer_availability,revalidation_required,availability_or_access_uncertain_masked,sufficient_for_outcome_adjudication,True,availability_or_access_uncertain_masked_supports_revalidation_required_request_revalidation,none,none,not_observed
review-backfill-165b7c652ea8ce972298bdd1,real-shadow-event-20c57dd88d0df39785cc6681,reviewer01_hsyn,2026-07-13T09:44:18+03:00,needs_more_evidence,high,cluster_reviewed_applied,blocked_pdp_evidence_insufficient_for_outcome_judgment,23,P0,manual_review_before_materialization,revalidation_required,availability_or_access_uncertain_masked,sufficient_for_outcome_adjudication,True,availability_or_access_uncertain_masked_supports_revalidation_required_request_revalidation,none,none,latest_pdp_review_pool_snapshot_present
review-backfill-3c147caec660da0f842f531c,real-shadow-event-212a6fd98e158b12e6e00178,reviewer01_hsyn,2026-07-13T03:26:46+03:00,correct_block,high,cluster_reviewed_applied,availability_uncertain_not_action_grade_supports_revalidation,24,P0,recheck_primary_offer_availability,revalidation_required,availability_or_access_uncertain_masked,sufficient_for_outcome_adjudication,True,availability_or_access_uncertain_masked_supports_revalidation_required_request_revalidation,none,none,not_observed
review-backfill-5eb8948a501e6112bb51a28e,real-shadow-event-2215cd53d4eb98ae30ca9205,reviewer01_hsyn,2026-07-13T02:48:32+03:00,correct_block,high,cluster_reviewed_applied,masked_availability_uncertain_supports_revalidation,25,P0,recheck_primary_offer_availability,revalidation_required,availability_or_access_uncertain_masked,sufficient_for_outcome_adjudication,True,availability_or_access_uncertain_masked_supports_revalidation_required_request_revalidation,none,none,not_observed
review-backfill-ccbf50bc03c6b5304a3a9e26,real-shadow-event-230208d11c0ed6b28fd2b321,reviewer01_hsyn,2026-07-13T03:26:46+03:00,correct_block,high,cluster_reviewed_applied,availability_uncertain_not_action_grade_supports_revalidation,26,P0,recheck_primary_offer_availability,revalidation_required,availability_or_access_uncertain_masked,sufficient_for_outcome_adjudication,True,availability_or_access_uncertain_masked_supports_revalidation_required_request_revalidation,none,none,not_observed
review-backfill-38482839bd65deda931b15b0,real-shadow-event-23688b2eee5a281711c20d33,reviewer01_hsyn,2026-07-13T09:44:18+03:00,correct_block,high,cluster_reviewed_applied,availability_recheck_correct_when_availability_unconfirmed,27,P0,recheck_primary_offer_availability,revalidation_required,availability_or_access_uncertain_masked,sufficient_for_outcome_adjudication,True,availability_or_access_uncertain_masked_supports_revalidation_required_request_revalidation,none,none,not_observed
review-backfill-ffbcaecb82db88da3cb53d5c,real-shadow-event-23a69fa71a53b67609d2e983,reviewer01_hsyn,2026-07-13T09:44:18+03:00,needs_more_evidence,high,cluster_reviewed_applied,availability_confirmation_required_before_outcome_judgment,28,P0,manual_review_before_materialization,revalidation_required,availability_or_access_uncertain_masked,sufficient_for_outcome_adjudication,True,availability_or_access_uncertain_masked_supports_revalidation_required_request_revalidation,none,none,latest_pdp_review_pool_snapshot_present
review-backfill-bb439883d459e55411a183b8,real-shadow-event-247cb45a5dd6103bbe90a648,reviewer01_hsyn,2026-07-13T04:18:14+03:00,correct_block,high,cluster_reviewed_applied,masked_availability_uncertain_supports_revalidation,29,P0,recheck_primary_offer_availability,revalidation_required,availability_or_access_uncertain_masked,sufficient_for_outcome_adjudication,True,availability_or_access_uncertain_masked_supports_revalidation_required_request_revalidation,none,none,not_observed
review-backfill-6f436d36828da30ef205a8dd,real-shadow-event-25f7837a99e80a983044b1ce,reviewer01_hsyn,2026-07-13T09:44:18+03:00,needs_more_evidence,high,cluster_reviewed_applied,process_context_missing_price_change_ambiguity,30,P0,manual_review_before_materialization,revalidation_required,availability_or_access_uncertain_masked,sufficient_for_outcome_adjudication,True,availability_or_access_uncertain_masked_supports_revalidation_required_request_revalidation,none,none,latest_pdp_review_pool_snapshot_present
review-backfill-e4a62914d37366d9bdb75046,real-shadow-event-265d61cf579788d81766cf8c,reviewer01_hsyn,2026-07-13T02:48:32+03:00,correct_block,high,cluster_reviewed_applied,masked_availability_uncertain_supports_revalidation,31,P0,recheck_primary_offer_availability,revalidation_required,availability_or_access_uncertain_masked,sufficient_for_outcome_adjudication,True,availability_or_access_uncertain_masked_supports_revalidation_required_request_revalidation,none,none,not_observed
review-backfill-626c31d3eaac926c4731726f,real-shadow-event-27ebf8bcff4411a340d192e2,reviewer01_hsyn,2026-07-13T09:44:18+03:00,correct_block,medium,cluster_reviewed_applied,latest_pdp_snapshot_supports_manual_review_when_availability_unconfirmed,32,P0,manual_review_before_materialization,revalidation_required,not_action_grade_masked,sufficient_for_outcome_adjudication,True,not_action_grade_masked_supports_revalidation_required_request_revalidation,none,none,latest_pdp_review_pool_snapshot_present
review-backfill-4f78c12e3a48aa1613a5e501,real-shadow-event-2aad293b773ff253c46e4e5d,reviewer01_hsyn,2026-07-13T02:48:32+03:00,correct_block,high,cluster_reviewed_applied,masked_availability_uncertain_supports_revalidation,33,P0,recheck_primary_offer_availability,revalidation_required,availability_or_access_uncertain_masked,sufficient_for_outcome_adjudication,True,availability_or_access_uncertain_masked_supports_revalidation_required_request_revalidation,none,none,not_observed
review-backfill-bbee9d0119965e09ce321500,real-shadow-event-2e90661acc743b60a45a7f5a,reviewer01_hsyn,2026-07-13T09:44:18+03:00,correct_block,high,cluster_reviewed_applied,manual_review_correct_when_latest_pdp_flags_not_action_grade,34,P0,manual_review_before_materialization,revalidation_required,not_action_grade_masked,sufficient_for_outcome_adjudication,True,not_action_grade_masked_supports_revalidation_required_request_revalidation,none,none,latest_pdp_review_pool_snapshot_present
review-backfill-74edd9b16e1451552f88024a,real-shadow-event-30e89d7071c59d5650eeea9c,reviewer01_hsyn,2026-07-13T09:44:18+03:00,false_block,high,cluster_reviewed_applied,all_visual_flags_true_revalidation_signal_false_block,35,P0,recheck_primary_offer_availability,revalidation_required,availability_or_access_uncertain_masked,sufficient_for_outcome_adjudication,True,visible_contradiction_requires_human_adjudication:revalidation_signal_conflicts_with_all_visual_flags_true,none,revalidation_signal_conflicts_with_all_visual_flags_true,not_observed
review-backfill-4c5ee85b8fd9c67800293def,real-shadow-event-312705c24163b14c9f23690e,reviewer01_hsyn,2026-07-13T09:44:18+03:00,needs_more_evidence,high,cluster_reviewed_applied,fresh_pdp_required_before_stale_price_outcome_judgment,36,P0,manual_review_before_materialization,revalidation_required,price_or_materialization_conflict_masked,sufficient_for_outcome_adjudication,True,price_or_materialization_conflict_masked_supports_revalidation_required_request_revalidation,none,none,latest_pdp_review_pool_snapshot_present
review-backfill-f1dbff0ddb5ceba02e884999,real-shadow-event-31a3ea53d2be952dcc2b182b,reviewer01_hsyn,2026-07-13T02:48:32+03:00,correct_block,high,cluster_reviewed_applied,masked_availability_uncertain_supports_revalidation,37,P0,recheck_primary_offer_availability,revalidation_required,availability_or_access_uncertain_masked,sufficient_for_outcome_adjudication,True,availability_or_access_uncertain_masked_supports_revalidation_required_request_revalidation,none,none,not_observed
review-backfill-2d1cc12eca510a1bb1a35630,real-shadow-event-34ed91d59b6512110a831f79,reviewer01_hsyn,2026-07-13T09:44:18+03:00,correct_block,high,cluster_reviewed_applied,confirmed_unavailable_supports_availability_recheck,38,P0,recheck_primary_offer_availability,revalidation_required,availability_or_access_uncertain_masked,sufficient_for_outcome_adjudication,True,availability_or_access_uncertain_masked_supports_revalidation_required_request_revalidation,none,none,not_observed
review-backfill-1ba43b83636340686e80bdf4,real-shadow-event-35f8107fa5463e2825a8225e,reviewer01_hsyn,2026-07-13T09:44:18+03:00,correct_block,medium,cluster_reviewed_applied,latest_pdp_snapshot_supports_manual_review_when_availability_unconfirmed,39,P0,manual_review_before_materialization,revalidation_required,not_action_grade_masked,sufficient_for_outcome_adjudication,True,not_action_grade_masked_supports_revalidation_required_request_revalidation,none,none,latest_pdp_review_pool_snapshot_present
review-backfill-1516c13b305bc64867a774bc,real-shadow-event-3aed48ff27dde1eafaa32baa,reviewer01_hsyn,2026-07-13T03:26:46+03:00,correct_block,high,cluster_reviewed_applied,availability_uncertain_not_action_grade_supports_revalidation,40,P0,recheck_primary_offer_availability,revalidation_required,availability_or_access_uncertain_masked,sufficient_for_outcome_adjudication,True,availability_or_access_uncertain_masked_supports_revalidation_required_request_revalidation,none,none,not_observed
review-backfill-6203f5c6dfcf999a8de7e862,real-shadow-event-3b2f8052b7ec31acf25e5e50,reviewer01_hsyn,2026-07-13T09:44:18+03:00,correct_block,medium,cluster_reviewed_applied,latest_pdp_snapshot_supports_manual_review_when_availability_unconfirmed,41,P0,manual_review_before_materialization,revalidation_required,not_action_grade_masked,sufficient_for_outcome_adjudication,True,not_action_grade_masked_supports_revalidation_required_request_revalidation,none,none,latest_pdp_review_pool_snapshot_present
review-backfill-084db141bfd70a1860618fff,real-shadow-event-3e5aca12d15af4be958983fb,reviewer01_hsyn,2026-07-13T03:26:46+03:00,correct_block,high,cluster_reviewed_applied,availability_uncertain_not_action_grade_supports_revalidation,42,P0,recheck_primary_offer_availability,revalidation_required,availability_or_access_uncertain_masked,sufficient_for_outcome_adjudication,True,availability_or_access_uncertain_masked_supports_revalidation_required_request_revalidation,none,none,not_observed
review-backfill-e9209fe22037c79b28db6543,real-shadow-event-3eb88d55f0c27278955fdb15,reviewer01_hsyn,2026-07-13T03:26:46+03:00,correct_block,high,cluster_reviewed_applied,availability_uncertain_not_action_grade_supports_revalidation,43,P0,recheck_primary_offer_availability,revalidation_required,availability_or_access_uncertain_masked,sufficient_for_outcome_adjudication,True,availability_or_access_uncertain_masked_supports_revalidation_required_request_revalidation,none,none,not_observed
review-backfill-773d2cdab3c71b99e4eddf25,real-shadow-event-3ef8d401e8eadeae934535a3,reviewer01_hsyn,2026-07-13T03:26:46+03:00,correct_block,high,cluster_reviewed_applied,availability_uncertain_not_action_grade_supports_revalidation,44,P0,recheck_primary_offer_availability,revalidation_required,availability_or_access_uncertain_masked,sufficient_for_outcome_adjudication,True,availability_or_access_uncertain_masked_supports_revalidation_required_request_revalidation,none,none,not_observed
review-backfill-5019f9b4972e147931cedad3,real-shadow-event-3f47d943756967bb16b44f69,reviewer01_hsyn,2026-07-13T09:44:18+03:00,false_block,high,cluster_reviewed_applied,all_visual_flags_true_revalidation_signal_false_block,45,P0,manual_review_before_materialization,revalidation_required,availability_or_access_uncertain_masked,sufficient_for_outcome_adjudication,True,visible_contradiction_requires_human_adjudication:revalidation_signal_conflicts_with_all_visual_flags_true,none,revalidation_signal_conflicts_with_all_visual_flags_true,latest_pdp_review_pool_snapshot_present
review-backfill-fce8648668b63f5254783a40,real-shadow-event-40b5865cc5bc9db37934e6f6,reviewer01_hsyn,2026-07-13T04:18:14+03:00,correct_block,high,cluster_reviewed_applied,masked_availability_uncertain_supports_revalidation,46,P0,recheck_primary_offer_availability,revalidation_required,availability_or_access_uncertain_masked,sufficient_for_outcome_adjudication,True,availability_or_access_uncertain_masked_supports_revalidation_required_request_revalidation,none,none,not_observed
review-backfill-4b97ae8662695667aa70cd54,real-shadow-event-4451a0ad8cd1703249d5a504,reviewer01_hsyn,2026-07-13T09:44:18+03:00,needs_more_evidence,high,cluster_reviewed_applied,fresh_pdp_required_before_outcome_judgment,47,P0,recheck_primary_offer_availability,revalidation_required,availability_or_access_uncertain_masked,sufficient_for_outcome_adjudication,True,availability_or_access_uncertain_masked_supports_revalidation_required_request_revalidation,none,none,not_observed
review-backfill-ac07f06ed317353757034f51,real-shadow-event-453cac2ad7d43b3817674f78,reviewer01_hsyn,2026-07-13T09:44:18+03:00,correct_block,medium,cluster_reviewed_applied,latest_pdp_snapshot_supports_manual_review_when_availability_unconfirmed,48,P0,manual_review_before_materialization,revalidation_required,not_action_grade_masked,sufficient_for_outcome_adjudication,True,not_action_grade_masked_supports_revalidation_required_request_revalidation,none,none,latest_pdp_review_pool_snapshot_present
review-backfill-b9411af4b0e491cf7ea4c87d,real-shadow-event-4ae72455992aba9c8ed5a651,reviewer01_hsyn,2026-07-13T09:44:18+03:00,false_block,high,cluster_reviewed_applied,all_visual_flags_true_revalidation_signal_false_block,49,P0,recheck_primary_offer_availability,revalidation_required,availability_or_access_uncertain_masked,sufficient_for_outcome_adjudication,True,visible_contradiction_requires_human_adjudication:revalidation_signal_conflicts_with_all_visual_flags_true,none,revalidation_signal_conflicts_with_all_visual_flags_true,not_observed
review-backfill-c3177227503b49dd163ac15b,real-shadow-event-4da7c3cf8964f594f67bc85d,reviewer01_hsyn,2026-07-13T09:44:18+03:00,needs_more_evidence,high,cluster_reviewed_applied,fresh_pdp_required_before_outcome_judgment,50,P0,recheck_primary_offer_availability,revalidation_required,availability_or_access_uncertain_masked,sufficient_for_outcome_adjudication,True,availability_or_access_uncertain_masked_supports_revalidation_required_request_revalidation,none,none,not_observed
review-backfill-dae1434f00d6d33c868c116c,real-shadow-event-51d9f782c46bfa53550070e2,reviewer01_hsyn,2026-07-13T03:26:46+03:00,correct_block,high,cluster_reviewed_applied,availability_uncertain_not_action_grade_supports_revalidation,51,P0,recheck_primary_offer_availability,revalidation_required,availability_or_access_uncertain_masked,sufficient_for_outcome_adjudication,True,availability_or_access_uncertain_masked_supports_revalidation_required_request_revalidation,none,none,not_observed
review-backfill-ca5c986f2ab3d3bf314cdaaf,real-shadow-event-53f307ac20bf130be096ab68,reviewer01_hsyn,2026-07-13T09:44:18+03:00,correct_block,high,cluster_reviewed_applied,manual_review_correct_when_latest_pdp_flags_not_action_grade,52,P0,manual_review_before_materialization,revalidation_required,not_action_grade_masked,sufficient_for_outcome_adjudication,True,not_action_grade_masked_supports_revalidation_required_request_revalidation,none,none,latest_pdp_review_pool_snapshot_present
review-backfill-0c8e1cd3c3308900b52619a6,real-shadow-event-55250c53aadedd4a017577e6,reviewer01_hsyn,2026-07-13T04:18:14+03:00,correct_block,high,cluster_reviewed_applied,masked_availability_uncertain_supports_revalidation,53,P0,recheck_primary_offer_availability,revalidation_required,availability_or_access_uncertain_masked,sufficient_for_outcome_adjudication,True,availability_or_access_uncertain_masked_supports_revalidation_required_request_revalidation,none,none,not_observed
review-backfill-51a18e49f59504257ba71161,real-shadow-event-55e7ccff19a121ce317b48cf,reviewer01_hsyn,2026-07-13T09:44:18+03:00,correct_block,medium,cluster_reviewed_applied,latest_pdp_snapshot_supports_manual_review_when_availability_unconfirmed,54,P0,manual_review_before_materialization,revalidation_required,not_action_grade_masked,sufficient_for_outcome_adjudication,True,not_action_grade_masked_supports_revalidation_required_request_revalidation,none,none,latest_pdp_review_pool_snapshot_present
review-backfill-7805c124d540f29c5f2cb085,real-shadow-event-563d832a9418becb11cd7acc,reviewer01_hsyn,2026-07-13T09:44:18+03:00,correct_block,high,cluster_reviewed_applied,availability_recheck_correct_when_availability_unconfirmed,55,P0,recheck_primary_offer_availability,revalidation_required,availability_or_access_uncertain_masked,sufficient_for_outcome_adjudication,True,availability_or_access_uncertain_masked_supports_revalidation_required_request_revalidation,none,none,not_observed
review-backfill-5ce7b4f86f6c105a05fe2ea8,real-shadow-event-579146f472550bd610b1777a,reviewer01_hsyn,2026-07-13T09:44:18+03:00,false_block,high,cluster_reviewed_applied,all_visual_flags_true_revalidation_signal_false_block,56,P0,recheck_primary_offer_availability,revalidation_required,availability_or_access_uncertain_masked,sufficient_for_outcome_adjudication,True,visible_contradiction_requires_human_adjudication:revalidation_signal_conflicts_with_all_visual_flags_true,none,revalidation_signal_conflicts_with_all_visual_flags_true,not_observed
review-backfill-0a7f33cb956ca16f51d9070f,real-shadow-event-5c0ec092a49798eb7ae2cbc5,reviewer01_hsyn,2026-07-13T09:44:18+03:00,needs_more_evidence,high,cluster_reviewed_applied,availability_confirmation_required_before_outcome_judgment,57,P0,manual_review_before_materialization,revalidation_required,availability_or_access_uncertain_masked,sufficient_for_outcome_adjudication,True,availability_or_access_uncertain_masked_supports_revalidation_required_request_revalidation,none,none,latest_pdp_review_pool_snapshot_present
review-backfill-6fc687ea15173b20e76ec1b1,real-shadow-event-5c25886a5cddd1d8d088040a,reviewer01_hsyn,2026-07-13T09:44:18+03:00,correct_block,high,cluster_reviewed_applied,confirmed_unavailable_supports_availability_recheck,58,P0,recheck_primary_offer_availability,revalidation_required,availability_or_access_uncertain_masked,sufficient_for_outcome_adjudication,True,availability_or_access_uncertain_masked_supports_revalidation_required_request_revalidation,none,none,not_observed
review-backfill-d5a4210df17a2d89e6c22233,real-shadow-event-5c31228ad7869953a5ad33db,reviewer01_hsyn,2026-07-13T09:44:18+03:00,correct_block,high,cluster_reviewed_applied,manual_review_correct_when_latest_pdp_flags_not_action_grade,59,P0,manual_review_before_materialization,revalidation_required,not_action_grade_masked,sufficient_for_outcome_adjudication,True,not_action_grade_masked_supports_revalidation_required_request_revalidation,none,none,latest_pdp_review_pool_snapshot_present
review-backfill-981c9d069a2cb842de0012e6,real-shadow-event-61265c8e0b66a126b8ce9fcb,reviewer01_hsyn,2026-07-13T09:44:18+03:00,false_block,medium,cluster_reviewed_applied,latest_pdp_record_should_supersede_stale_record_price_change_not_block_evidence,60,P0,manual_review_before_materialization,revalidation_required,not_action_grade_masked,sufficient_for_outcome_adjudication,True,not_action_grade_masked_supports_revalidation_required_request_revalidation,none,none,latest_pdp_review_pool_snapshot_present
review-backfill-f6281c9c16341bcd35b16510,real-shadow-event-612964b674719499015e0bcb,reviewer01_hsyn,2026-07-13T02:48:32+03:00,correct_block,high,cluster_reviewed_applied,masked_availability_uncertain_supports_revalidation,61,P0,recheck_primary_offer_availability,revalidation_required,availability_or_access_uncertain_masked,sufficient_for_outcome_adjudication,True,availability_or_access_uncertain_masked_supports_revalidation_required_request_revalidation,none,none,not_observed
review-backfill-ed9b6b2890a080a0e705311c,real-shadow-event-633b8d87edd263e3d4abb9a1,reviewer01_hsyn,2026-07-13T03:26:46+03:00,correct_block,high,cluster_reviewed_applied,availability_uncertain_not_action_grade_supports_revalidation,62,P0,recheck_primary_offer_availability,revalidation_required,availability_or_access_uncertain_masked,sufficient_for_outcome_adjudication,True,availability_or_access_uncertain_masked_supports_revalidation_required_request_revalidation,none,none,not_observed
review-backfill-d62e5d93dd272247a452d788,real-shadow-event-64038c97fdac908e928e31e3,reviewer01_hsyn,2026-07-13T03:26:46+03:00,correct_block,high,cluster_reviewed_applied,availability_uncertain_not_action_grade_supports_revalidation,63,P0,recheck_primary_offer_availability,revalidation_required,availability_or_access_uncertain_masked,sufficient_for_outcome_adjudication,True,availability_or_access_uncertain_masked_supports_revalidation_required_request_revalidation,none,none,not_observed
review-backfill-a8e6464dcd7258b9768845fa,real-shadow-event-640c230c9324b0a147380543,reviewer01_hsyn,2026-07-13T09:44:18+03:00,correct_block,medium,cluster_reviewed_applied,latest_pdp_snapshot_supports_manual_review_when_availability_unconfirmed,64,P0,manual_review_before_materialization,revalidation_required,not_action_grade_masked,sufficient_for_outcome_adjudication,True,not_action_grade_masked_supports_revalidation_required_request_revalidation,none,none,latest_pdp_review_pool_snapshot_present
review-backfill-4c04a85ba66314f79b08cf57,real-shadow-event-65a1295d520dc78be2f1fa8c,reviewer01_hsyn,2026-07-13T02:48:32+03:00,correct_block,high,cluster_reviewed_applied,masked_availability_uncertain_supports_revalidation,66,P0,recheck_primary_offer_availability,revalidation_required,availability_or_access_uncertain_masked,sufficient_for_outcome_adjudication,True,availability_or_access_uncertain_masked_supports_revalidation_required_request_revalidation,none,none,not_observed
review-backfill-4f68ca1db1e8a1ddf3aa7416,real-shadow-event-69e8c4c8a38330a0bc58e82f,reviewer01_hsyn,2026-07-13T09:44:18+03:00,correct_block,medium,cluster_reviewed_applied,latest_pdp_snapshot_supports_manual_review_when_availability_unconfirmed,67,P0,manual_review_before_materialization,revalidation_required,not_action_grade_masked,sufficient_for_outcome_adjudication,True,not_action_grade_masked_supports_revalidation_required_request_revalidation,none,none,latest_pdp_review_pool_snapshot_present
review-backfill-134d5d5743f45f28f2c551e8,real-shadow-event-6a786a886d2a8e7f0635cb1f,reviewer01_hsyn,2026-07-13T09:44:18+03:00,needs_more_evidence,high,cluster_reviewed_applied,blocked_pdp_evidence_insufficient_for_outcome_judgment,68,P0,manual_review_before_materialization,revalidation_required,availability_or_access_uncertain_masked,sufficient_for_outcome_adjudication,True,availability_or_access_uncertain_masked_supports_revalidation_required_request_revalidation,none,none,latest_pdp_review_pool_snapshot_present
review-backfill-0d6f1d7d3304ac294059cc52,real-shadow-event-6add7f47af24070d3cdc509a,reviewer01_hsyn,2026-07-13T09:44:18+03:00,false_block,medium,cluster_reviewed_applied,latest_pdp_record_should_supersede_stale_record_price_change_not_block_evidence,69,P0,manual_review_before_materialization,revalidation_required,not_action_grade_masked,sufficient_for_outcome_adjudication,True,not_action_grade_masked_supports_revalidation_required_request_revalidation,none,none,latest_pdp_review_pool_snapshot_present
review-backfill-cdf90377d24f2ca9b394fbe7,real-shadow-event-6ca54f280ee6b1e771509b3a,reviewer01_hsyn,2026-07-13T02:48:32+03:00,correct_block,high,cluster_reviewed_applied,masked_availability_uncertain_supports_revalidation,70,P0,recheck_primary_offer_availability,revalidation_required,availability_or_access_uncertain_masked,sufficient_for_outcome_adjudication,True,availability_or_access_uncertain_masked_supports_revalidation_required_request_revalidation,none,none,not_observed
review-backfill-1e1644821de63726ec5059d7,real-shadow-event-6d308cfe008366fe290ca69b,reviewer01_hsyn,2026-07-13T02:48:32+03:00,correct_block,high,cluster_reviewed_applied,masked_availability_uncertain_supports_revalidation,71,P0,recheck_primary_offer_availability,revalidation_required,availability_or_access_uncertain_masked,sufficient_for_outcome_adjudication,True,availability_or_access_uncertain_masked_supports_revalidation_required_request_revalidation,none,none,not_observed
review-backfill-732e933f2711bc0eea0757d0,real-shadow-event-6f7ea9f561ec04e98c1d3715,reviewer01_hsyn,2026-07-13T09:44:18+03:00,false_block,high,cluster_reviewed_applied,all_visual_flags_true_revalidation_signal_false_block,72,P0,recheck_primary_offer_availability,revalidation_required,availability_or_access_uncertain_masked,sufficient_for_outcome_adjudication,True,visible_contradiction_requires_human_adjudication:revalidation_signal_conflicts_with_all_visual_flags_true,none,revalidation_signal_conflicts_with_all_visual_flags_true,not_observed
review-backfill-ff7653fb8428c46b0e846d2b,real-shadow-event-6f9ef50ee453aaefd4548499,reviewer01_hsyn,2026-07-13T03:26:46+03:00,correct_block,high,cluster_reviewed_applied,availability_uncertain_not_action_grade_supports_revalidation,73,P0,recheck_primary_offer_availability,revalidation_required,availability_or_access_uncertain_masked,sufficient_for_outcome_adjudication,True,availability_or_access_uncertain_masked_supports_revalidation_required_request_revalidation,none,none,not_observed
review-backfill-386b9fafd91f8b8f1a6d8f56,real-shadow-event-77f0e1357eddae354d787e1e,reviewer01_hsyn,2026-07-13T02:48:32+03:00,correct_block,high,cluster_reviewed_applied,masked_availability_uncertain_supports_revalidation,74,P0,recheck_primary_offer_availability,revalidation_required,availability_or_access_uncertain_masked,sufficient_for_outcome_adjudication,True,availability_or_access_uncertain_masked_supports_revalidation_required_request_revalidation,none,none,not_observed
review-backfill-1d1d5cdf3d4bca4e44aa4e91,real-shadow-event-7ac6887b6366945fd7c86436,reviewer01_hsyn,2026-07-13T04:18:14+03:00,correct_block,high,cluster_reviewed_applied,masked_availability_uncertain_supports_revalidation,75,P0,recheck_primary_offer_availability,revalidation_required,availability_or_access_uncertain_masked,sufficient_for_outcome_adjudication,True,availability_or_access_uncertain_masked_supports_revalidation_required_request_revalidation,none,none,not_observed
review-backfill-52ca9b2a8514f88e6e94bb9d,real-shadow-event-7c9d014f16c5ad8b86810616,reviewer01_hsyn,2026-07-13T09:44:18+03:00,needs_more_evidence,high,cluster_reviewed_applied,fresh_pdp_required_before_outcome_judgment,76,P0,recheck_primary_offer_availability,revalidation_required,availability_or_access_uncertain_masked,sufficient_for_outcome_adjudication,True,availability_or_access_uncertain_masked_supports_revalidation_required_request_revalidation,none,none,not_observed
review-backfill-d880decb0e59d6ad454cbc7b,real-shadow-event-7d806d50f1afeac6bac838af,reviewer01_hsyn,2026-07-13T09:44:18+03:00,correct_block,high,cluster_reviewed_applied,availability_recheck_correct_when_availability_unconfirmed,77,P0,recheck_primary_offer_availability,revalidation_required,availability_or_access_uncertain_masked,sufficient_for_outcome_adjudication,True,availability_or_access_uncertain_masked_supports_revalidation_required_request_revalidation,none,none,not_observed
review-backfill-8a1a34b6ba11a4b045e0759a,real-shadow-event-7e5b69d894098fc70b88f741,reviewer01_hsyn,2026-07-13T09:44:18+03:00,correct_block,high,cluster_reviewed_applied,availability_recheck_correct_when_availability_unconfirmed,78,P0,recheck_primary_offer_availability,revalidation_required,availability_or_access_uncertain_masked,sufficient_for_outcome_adjudication,True,availability_or_access_uncertain_masked_supports_revalidation_required_request_revalidation,none,none,not_observed
review-backfill-3184a1767b6cb61152e2f0ad,real-shadow-event-7f32beb89201fad5a2228c8f,reviewer01_hsyn,2026-07-13T02:48:32+03:00,correct_block,high,cluster_reviewed_applied,masked_availability_uncertain_supports_revalidation,79,P0,recheck_primary_offer_availability,revalidation_required,availability_or_access_uncertain_masked,sufficient_for_outcome_adjudication,True,availability_or_access_uncertain_masked_supports_revalidation_required_request_revalidation,none,none,not_observed
review-backfill-d971e491d596c5c24220f5ca,real-shadow-event-80332d4da9ebbc9871f9ee15,reviewer01_hsyn,2026-07-13T09:44:18+03:00,needs_more_evidence,high,cluster_reviewed_applied,fresh_pdp_required_before_outcome_judgment,80,P0,manual_review_before_materialization,revalidation_required,availability_or_access_uncertain_masked,sufficient_for_outcome_adjudication,True,availability_or_access_uncertain_masked_supports_revalidation_required_request_revalidation,none,none,latest_pdp_review_pool_snapshot_present
review-backfill-f4cb66378741d45cccb56809,real-shadow-event-82b193ea5b12141c83b22070,reviewer01_hsyn,2026-07-13T03:26:46+03:00,correct_block,high,cluster_reviewed_applied,availability_uncertain_not_action_grade_supports_revalidation,81,P0,recheck_primary_offer_availability,revalidation_required,availability_or_access_uncertain_masked,sufficient_for_outcome_adjudication,True,availability_or_access_uncertain_masked_supports_revalidation_required_request_revalidation,none,none,not_observed
review-backfill-afc27a2e376147df6936ce15,real-shadow-event-84dc63fd95ee38983b496d81,reviewer01_hsyn,2026-07-13T09:44:18+03:00,false_block,high,cluster_reviewed_applied,all_visual_flags_true_revalidation_signal_false_block,82,P0,recheck_primary_offer_availability,revalidation_required,availability_or_access_uncertain_masked,sufficient_for_outcome_adjudication,True,visible_contradiction_requires_human_adjudication:revalidation_signal_conflicts_with_all_visual_flags_true,none,revalidation_signal_conflicts_with_all_visual_flags_true,not_observed
review-backfill-8d6f15c442ac2c20cf050d4b,real-shadow-event-887f0597a02e32f66daccca7,reviewer01_hsyn,2026-07-13T09:44:18+03:00,correct_block,high,cluster_reviewed_applied,availability_recheck_correct_when_availability_unconfirmed,83,P0,recheck_primary_offer_availability,revalidation_required,availability_or_access_uncertain_masked,sufficient_for_outcome_adjudication,True,availability_or_access_uncertain_masked_supports_revalidation_required_request_revalidation,none,none,not_observed
review-backfill-b250e4344c3b854d17962b29,real-shadow-event-892d6e1d4373466f58f2c2c2,reviewer01_hsyn,2026-07-13T09:44:18+03:00,correct_block,medium,cluster_reviewed_applied,latest_pdp_snapshot_supports_manual_review_when_availability_unconfirmed,84,P0,manual_review_before_materialization,revalidation_required,not_action_grade_masked,sufficient_for_outcome_adjudication,True,not_action_grade_masked_supports_revalidation_required_request_revalidation,none,none,latest_pdp_review_pool_snapshot_present
review-backfill-d83fb9e31dc690ee15fbc91b,real-shadow-event-8a01bf6b9094a64bf7e3ce09,reviewer01_hsyn,2026-07-13T02:48:32+03:00,correct_block,high,cluster_reviewed_applied,masked_availability_uncertain_supports_revalidation,85,P0,recheck_primary_offer_availability,revalidation_required,availability_or_access_uncertain_masked,sufficient_for_outcome_adjudication,True,availability_or_access_uncertain_masked_supports_revalidation_required_request_revalidation,none,none,not_observed
review-backfill-082241e46e00396b1be4146e,real-shadow-event-8afc5ece3298cd983d7a45ee,reviewer01_hsyn,2026-07-13T09:44:18+03:00,correct_block,high,cluster_reviewed_applied,availability_recheck_correct_when_availability_unconfirmed,86,P0,recheck_primary_offer_availability,revalidation_required,availability_or_access_uncertain_masked,sufficient_for_outcome_adjudication,True,availability_or_access_uncertain_masked_supports_revalidation_required_request_revalidation,none,none,not_observed
review-backfill-72adee62875bc6cec8bb09ad,real-shadow-event-8b7ad07e903f804cb4d979a1,reviewer01_hsyn,2026-07-13T02:48:32+03:00,correct_block,high,cluster_reviewed_applied,masked_availability_uncertain_supports_revalidation,87,P0,recheck_primary_offer_availability,revalidation_required,availability_or_access_uncertain_masked,sufficient_for_outcome_adjudication,True,availability_or_access_uncertain_masked_supports_revalidation_required_request_revalidation,none,none,not_observed
review-backfill-13a46bf4d90592bc42347b41,real-shadow-event-8c25807f74852499fb41d7d8,reviewer01_hsyn,2026-07-13T09:44:18+03:00,correct_block,medium,cluster_reviewed_applied,latest_pdp_snapshot_supports_manual_review_when_availability_unconfirmed,88,P0,manual_review_before_materialization,revalidation_required,not_action_grade_masked,sufficient_for_outcome_adjudication,True,not_action_grade_masked_supports_revalidation_required_request_revalidation,none,none,latest_pdp_review_pool_snapshot_present
review-backfill-14ff1622834669156357da40,real-shadow-event-921db58ecce917fab45c0549,reviewer01_hsyn,2026-07-13T09:44:18+03:00,needs_more_evidence,high,cluster_reviewed_applied,fresh_pdp_required_before_outcome_judgment,89,P0,recheck_primary_offer_availability,revalidation_required,availability_or_access_uncertain_masked,sufficient_for_outcome_adjudication,True,availability_or_access_uncertain_masked_supports_revalidation_required_request_revalidation,none,none,not_observed
review-backfill-fe1f3f5d9b1fada4409e3a5f,real-shadow-event-9233543990fd3c884ef5aa5f,reviewer01_hsyn,2026-07-13T09:44:18+03:00,false_block,high,cluster_reviewed_applied,all_visual_flags_true_revalidation_signal_false_block,90,P0,recheck_primary_offer_availability,revalidation_required,availability_or_access_uncertain_masked,sufficient_for_outcome_adjudication,True,visible_contradiction_requires_human_adjudication:revalidation_signal_conflicts_with_all_visual_flags_true,none,revalidation_signal_conflicts_with_all_visual_flags_true,not_observed
review-backfill-aaeace9135c447052c5eed19,real-shadow-event-927af53c5afbd57e2c3bdf40,reviewer01_hsyn,2026-07-13T09:44:18+03:00,correct_block,high,cluster_reviewed_applied,availability_recheck_correct_when_availability_unconfirmed,91,P0,recheck_primary_offer_availability,revalidation_required,availability_or_access_uncertain_masked,sufficient_for_outcome_adjudication,True,availability_or_access_uncertain_masked_supports_revalidation_required_request_revalidation,none,none,not_observed
review-backfill-591e5b005376951d56afd360,real-shadow-event-93bb6e1c325b4794564de8cf,reviewer01_hsyn,2026-07-13T09:44:18+03:00,correct_block,high,cluster_reviewed_applied,availability_recheck_correct_when_availability_unconfirmed,92,P0,recheck_primary_offer_availability,revalidation_required,availability_or_access_uncertain_masked,sufficient_for_outcome_adjudication,True,availability_or_access_uncertain_masked_supports_revalidation_required_request_revalidation,none,none,not_observed
review-backfill-4cbc90599082f13f99ad388d,real-shadow-event-94e321271edd6dd3612ed48e,reviewer01_hsyn,2026-07-13T09:44:18+03:00,correct_block,high,cluster_reviewed_applied,availability_recheck_correct_when_availability_unconfirmed,93,P0,recheck_primary_offer_availability,revalidation_required,availability_or_access_uncertain_masked,sufficient_for_outcome_adjudication,True,availability_or_access_uncertain_masked_supports_revalidation_required_request_revalidation,none,none,not_observed
review-backfill-df4b02c680ed02501abbab1c,real-shadow-event-9a9c84fd7886ab86f85e6adf,reviewer01_hsyn,2026-07-13T09:44:18+03:00,needs_more_evidence,high,cluster_reviewed_applied,fresh_pdp_required_before_outcome_judgment,94,P0,recheck_primary_offer_availability,revalidation_required,availability_or_access_uncertain_masked,sufficient_for_outcome_adjudication,True,availability_or_access_uncertain_masked_supports_revalidation_required_request_revalidation,none,none,not_observed
review-backfill-a19fca2d86ae9315bde44e8d,real-shadow-event-9d479628d632ee4f2f893c43,reviewer01_hsyn,2026-07-13T09:44:18+03:00,correct_block,high,cluster_reviewed_applied,availability_recheck_correct_when_availability_unconfirmed,95,P0,recheck_primary_offer_availability,revalidation_required,availability_or_access_uncertain_masked,sufficient_for_outcome_adjudication,True,availability_or_access_uncertain_masked_supports_revalidation_required_request_revalidation,none,none,not_observed
review-backfill-c7a4692bb4c3b5c2b52d2f1e,real-shadow-event-9f378c5f82aea50f08812036,reviewer01_hsyn,2026-07-13T09:44:18+03:00,correct_block,high,cluster_reviewed_applied,manual_review_correct_when_latest_pdp_flags_not_action_grade,96,P0,manual_review_before_materialization,revalidation_required,not_action_grade_masked,sufficient_for_outcome_adjudication,True,not_action_grade_masked_supports_revalidation_required_request_revalidation,none,none,latest_pdp_review_pool_snapshot_present
review-backfill-e4a0c2987bf5519999c0a836,real-shadow-event-9ffb5b1b35b92c31ce56bd1c,reviewer01_hsyn,2026-07-13T02:48:32+03:00,correct_block,high,cluster_reviewed_applied,masked_availability_uncertain_supports_revalidation,97,P0,recheck_primary_offer_availability,revalidation_required,availability_or_access_uncertain_masked,sufficient_for_outcome_adjudication,True,availability_or_access_uncertain_masked_supports_revalidation_required_request_revalidation,none,none,not_observed
review-backfill-f4f97e927b232be7c38aff25,real-shadow-event-a056b253ff43cc3c6762d69b,reviewer01_hsyn,2026-07-13T09:44:18+03:00,needs_more_evidence,high,cluster_reviewed_applied,fresh_pdp_required_before_outcome_judgment,98,P0,recheck_primary_offer_availability,revalidation_required,availability_or_access_uncertain_masked,sufficient_for_outcome_adjudication,True,availability_or_access_uncertain_masked_supports_revalidation_required_request_revalidation,none,none,not_observed
review-backfill-4fece2f97ad87cecb265cb5d,real-shadow-event-a0ed1bbde601d45946cd358d,reviewer01_hsyn,2026-07-13T04:18:14+03:00,correct_block,high,cluster_reviewed_applied,masked_availability_uncertain_supports_revalidation,99,P0,recheck_primary_offer_availability,revalidation_required,availability_or_access_uncertain_masked,sufficient_for_outcome_adjudication,True,availability_or_access_uncertain_masked_supports_revalidation_required_request_revalidation,none,none,not_observed
review-backfill-acd97ccae6da42fd6eeae304,real-shadow-event-a1c385b53424a436fceaac62,reviewer01_hsyn,2026-07-13T04:18:14+03:00,correct_block,high,cluster_reviewed_applied,masked_availability_uncertain_supports_revalidation,100,P0,recheck_primary_offer_availability,revalidation_required,availability_or_access_uncertain_masked,sufficient_for_outcome_adjudication,True,availability_or_access_uncertain_masked_supports_revalidation_required_request_revalidation,none,none,not_observed
review-backfill-92606313aed9671db31ea599,real-shadow-event-a2023ac5d69f45aa80bca149,reviewer01_hsyn,2026-07-13T09:44:18+03:00,false_block,medium,cluster_reviewed_applied,latest_pdp_record_should_supersede_stale_record_price_change_not_block_evidence,101,P0,manual_review_before_materialization,revalidation_required,not_action_grade_masked,sufficient_for_outcome_adjudication,True,not_action_grade_masked_supports_revalidation_required_request_revalidation,none,none,latest_pdp_review_pool_snapshot_present
review-backfill-8c1b02026662af614bc14c7a,real-shadow-event-a3f367b5c910906a0d8cfb8f,reviewer01_hsyn,2026-07-13T09:44:18+03:00,correct_block,high,cluster_reviewed_applied,manual_review_correct_when_latest_pdp_flags_not_action_grade,102,P0,manual_review_before_materialization,revalidation_required,not_action_grade_masked,sufficient_for_outcome_adjudication,True,not_action_grade_masked_supports_revalidation_required_request_revalidation,none,none,latest_pdp_review_pool_snapshot_present
review-backfill-ef2ab2f5becc51ebb1e41499,real-shadow-event-a963f1dea68a6625bb5b44c8,reviewer01_hsyn,2026-07-13T09:44:18+03:00,false_block,high,cluster_reviewed_applied,all_visual_flags_true_revalidation_signal_false_block,103,P0,manual_review_before_materialization,revalidation_required,availability_or_access_uncertain_masked,sufficient_for_outcome_adjudication,True,visible_contradiction_requires_human_adjudication:revalidation_signal_conflicts_with_all_visual_flags_true,none,revalidation_signal_conflicts_with_all_visual_flags_true,latest_pdp_review_pool_snapshot_present
review-backfill-59356c18067708552e3fabef,real-shadow-event-aa5d2d907e45ac1a1ea9029e,reviewer01_hsyn,2026-07-13T03:26:46+03:00,correct_block,high,cluster_reviewed_applied,availability_uncertain_not_action_grade_supports_revalidation,104,P0,recheck_primary_offer_availability,revalidation_required,availability_or_access_uncertain_masked,sufficient_for_outcome_adjudication,True,availability_or_access_uncertain_masked_supports_revalidation_required_request_revalidation,none,none,not_observed
review-backfill-26359a6d0c06b7be11385155,real-shadow-event-af0e74b6ccd717414920b35c,reviewer01_hsyn,2026-07-13T02:48:32+03:00,correct_block,high,cluster_reviewed_applied,masked_availability_uncertain_supports_revalidation,105,P0,recheck_primary_offer_availability,revalidation_required,availability_or_access_uncertain_masked,sufficient_for_outcome_adjudication,True,availability_or_access_uncertain_masked_supports_revalidation_required_request_revalidation,none,none,not_observed
review-backfill-ac2cf42b0cf05a3bcf887dd2,real-shadow-event-afc1587a542613f674f7676a,reviewer01_hsyn,2026-07-13T04:18:14+03:00,correct_block,high,cluster_reviewed_applied,masked_availability_uncertain_supports_revalidation,106,P0,recheck_primary_offer_availability,revalidation_required,availability_or_access_uncertain_masked,sufficient_for_outcome_adjudication,True,availability_or_access_uncertain_masked_supports_revalidation_required_request_revalidation,none,none,not_observed
review-backfill-ba14636f9ec61a6c9767b4d3,real-shadow-event-b383e029019fb82cf2cd852e,reviewer01_hsyn,2026-07-13T09:44:18+03:00,needs_more_evidence,high,cluster_reviewed_applied,blocked_pdp_evidence_insufficient_for_outcome_judgment,107,P0,manual_review_before_materialization,revalidation_required,availability_or_access_uncertain_masked,sufficient_for_outcome_adjudication,True,availability_or_access_uncertain_masked_supports_revalidation_required_request_revalidation,none,none,latest_pdp_review_pool_snapshot_present
review-backfill-521116e59fc49c6a0909aa16,real-shadow-event-b850e78ce8722a5896097d65,reviewer01_hsyn,2026-07-13T09:44:18+03:00,needs_more_evidence,high,cluster_reviewed_applied,process_context_missing_price_change_ambiguity,108,P0,manual_review_before_materialization,revalidation_required,availability_or_access_uncertain_masked,sufficient_for_outcome_adjudication,True,availability_or_access_uncertain_masked_supports_revalidation_required_request_revalidation,none,none,latest_pdp_review_pool_snapshot_present
review-backfill-b1341f9f6be1d4bffa3c406e,real-shadow-event-b8b59201a0d9234e5aa26868,reviewer01_hsyn,2026-07-13T09:44:18+03:00,correct_block,medium,cluster_reviewed_applied,latest_pdp_snapshot_supports_manual_review_when_availability_unconfirmed,109,P0,manual_review_before_materialization,revalidation_required,not_action_grade_masked,sufficient_for_outcome_adjudication,True,not_action_grade_masked_supports_revalidation_required_request_revalidation,none,none,latest_pdp_review_pool_snapshot_present
review-backfill-06acb5675cbd8d5e26de17b9,real-shadow-event-bc369880ec47b0afc6f26701,reviewer01_hsyn,2026-07-13T09:44:18+03:00,needs_more_evidence,high,cluster_reviewed_applied,blocked_pdp_fresh_pdp_required_before_outcome_judgment,110,P0,recheck_primary_offer_availability,revalidation_required,availability_or_access_uncertain_masked,sufficient_for_outcome_adjudication,True,availability_or_access_uncertain_masked_supports_revalidation_required_request_revalidation,none,none,not_observed
review-backfill-864591aa51aa9069110538aa,real-shadow-event-bc76e5e8d2a51ffec80a4cad,reviewer01_hsyn,2026-07-13T02:48:32+03:00,correct_block,high,cluster_reviewed_applied,masked_availability_uncertain_supports_revalidation,111,P0,recheck_primary_offer_availability,revalidation_required,availability_or_access_uncertain_masked,sufficient_for_outcome_adjudication,True,availability_or_access_uncertain_masked_supports_revalidation_required_request_revalidation,none,none,not_observed
review-backfill-44a4380f7465583de3fa94df,real-shadow-event-c0c3837079f8e6a28e7e080f,reviewer01_hsyn,2026-07-13T09:44:18+03:00,correct_block,medium,cluster_reviewed_applied,latest_pdp_snapshot_supports_manual_review_when_availability_unconfirmed,112,P0,manual_review_before_materialization,revalidation_required,not_action_grade_masked,sufficient_for_outcome_adjudication,True,not_action_grade_masked_supports_revalidation_required_request_revalidation,none,none,latest_pdp_review_pool_snapshot_present
review-backfill-5c726fe8e2fb0e89e8468851,real-shadow-event-c0db34fd699720bcd8ac8594,reviewer01_hsyn,2026-07-13T03:26:46+03:00,correct_block,high,cluster_reviewed_applied,availability_uncertain_not_action_grade_supports_revalidation,113,P0,recheck_primary_offer_availability,revalidation_required,availability_or_access_uncertain_masked,sufficient_for_outcome_adjudication,True,availability_or_access_uncertain_masked_supports_revalidation_required_request_revalidation,none,none,not_observed
review-backfill-9329d687451791da8bdf76e9,real-shadow-event-c37f45ee603df968c4447de7,reviewer01_hsyn,2026-07-13T09:44:18+03:00,false_block,medium,cluster_reviewed_applied,latest_pdp_record_should_supersede_stale_record_price_change_not_block_evidence,114,P0,manual_review_before_materialization,revalidation_required,not_action_grade_masked,sufficient_for_outcome_adjudication,True,not_action_grade_masked_supports_revalidation_required_request_revalidation,none,none,latest_pdp_review_pool_snapshot_present
review-backfill-d912c8dd8b5c8328df4d63f6,real-shadow-event-c3af2aadda7056efb0c78ef6,reviewer01_hsyn,2026-07-13T03:26:46+03:00,correct_block,high,cluster_reviewed_applied,availability_uncertain_not_action_grade_supports_revalidation,115,P0,recheck_primary_offer_availability,revalidation_required,availability_or_access_uncertain_masked,sufficient_for_outcome_adjudication,True,availability_or_access_uncertain_masked_supports_revalidation_required_request_revalidation,none,none,not_observed
review-backfill-672be81eca9281010f810215,real-shadow-event-c49d67237652dfe346c5c7b9,reviewer01_hsyn,2026-07-13T09:44:18+03:00,needs_more_evidence,high,cluster_reviewed_applied,fresh_pdp_required_before_outcome_judgment,116,P0,recheck_primary_offer_availability,revalidation_required,availability_or_access_uncertain_masked,sufficient_for_outcome_adjudication,True,availability_or_access_uncertain_masked_supports_revalidation_required_request_revalidation,none,none,not_observed
review-backfill-3ca985e2d8fd16afcd8e103e,real-shadow-event-c4bc30635666c6d6070e5326,reviewer01_hsyn,2026-07-13T09:44:18+03:00,needs_more_evidence,high,cluster_reviewed_applied,fresh_pdp_required_before_outcome_judgment,117,P0,manual_review_before_materialization,revalidation_required,availability_or_access_uncertain_masked,sufficient_for_outcome_adjudication,True,availability_or_access_uncertain_masked_supports_revalidation_required_request_revalidation,none,none,latest_pdp_review_pool_snapshot_present
review-backfill-5fd5ed1937c32e35ce0fe3bd,real-shadow-event-c5464045252464819eb0fcff,reviewer01_hsyn,2026-07-13T02:48:32+03:00,correct_block,high,cluster_reviewed_applied,masked_availability_uncertain_supports_revalidation,118,P0,recheck_primary_offer_availability,revalidation_required,availability_or_access_uncertain_masked,sufficient_for_outcome_adjudication,True,availability_or_access_uncertain_masked_supports_revalidation_required_request_revalidation,none,none,not_observed
review-backfill-1f02f7ba4e91af133efcfe5b,real-shadow-event-c7844e1e1f8f6355f3c06808,reviewer01_hsyn,2026-07-13T09:44:18+03:00,correct_block,medium,cluster_reviewed_applied,latest_pdp_snapshot_supports_manual_review_when_availability_unconfirmed,119,P0,manual_review_before_materialization,revalidation_required,not_action_grade_masked,sufficient_for_outcome_adjudication,True,not_action_grade_masked_supports_revalidation_required_request_revalidation,none,none,latest_pdp_review_pool_snapshot_present
review-backfill-4f8d0aac67b5ed70789a208a,real-shadow-event-c9ee9d51be887f14a029283b,reviewer01_hsyn,2026-07-13T03:26:46+03:00,correct_block,high,cluster_reviewed_applied,availability_uncertain_not_action_grade_supports_revalidation,120,P0,recheck_primary_offer_availability,revalidation_required,availability_or_access_uncertain_masked,sufficient_for_outcome_adjudication,True,availability_or_access_uncertain_masked_supports_revalidation_required_request_revalidation,none,none,not_observed
review-backfill-4ee539b4b274c0135b979197,real-shadow-event-cff35e50737a7075716e8a11,reviewer01_hsyn,2026-07-13T04:18:14+03:00,correct_block,high,cluster_reviewed_applied,masked_availability_uncertain_supports_revalidation,121,P0,recheck_primary_offer_availability,revalidation_required,availability_or_access_uncertain_masked,sufficient_for_outcome_adjudication,True,availability_or_access_uncertain_masked_supports_revalidation_required_request_revalidation,none,none,not_observed
review-backfill-f81e0e2ab07ae2ec1e3ac32c,real-shadow-event-d2196b8e5806131fcbbddac0,reviewer01_hsyn,2026-07-13T09:44:18+03:00,false_block,medium,cluster_reviewed_applied,latest_pdp_record_should_supersede_stale_record_price_change_not_block_evidence,122,P0,manual_review_before_materialization,revalidation_required,not_action_grade_masked,sufficient_for_outcome_adjudication,True,not_action_grade_masked_supports_revalidation_required_request_revalidation,none,none,latest_pdp_review_pool_snapshot_present
review-backfill-10797690c2745da82949fdf6,real-shadow-event-d2d4d763d886332bb3dac134,reviewer01_hsyn,2026-07-13T04:18:14+03:00,correct_block,high,cluster_reviewed_applied,masked_availability_uncertain_supports_revalidation,123,P0,recheck_primary_offer_availability,revalidation_required,availability_or_access_uncertain_masked,sufficient_for_outcome_adjudication,True,availability_or_access_uncertain_masked_supports_revalidation_required_request_revalidation,none,none,not_observed
review-backfill-aee6c81d076d4b0d6a3449c6,real-shadow-event-d3231d61efd10f2bd9ca2178,reviewer01_hsyn,2026-07-13T02:48:32+03:00,correct_block,high,cluster_reviewed_applied,masked_availability_uncertain_supports_revalidation,124,P0,recheck_primary_offer_availability,revalidation_required,availability_or_access_uncertain_masked,sufficient_for_outcome_adjudication,True,availability_or_access_uncertain_masked_supports_revalidation_required_request_revalidation,none,none,not_observed
review-backfill-8811ba8ea1cee144a38c69fb,real-shadow-event-d414fafaca4f6e69e44dc18d,reviewer01_hsyn,2026-07-13T02:48:32+03:00,correct_block,high,cluster_reviewed_applied,masked_availability_uncertain_supports_revalidation,125,P0,recheck_primary_offer_availability,revalidation_required,availability_or_access_uncertain_masked,sufficient_for_outcome_adjudication,True,availability_or_access_uncertain_masked_supports_revalidation_required_request_revalidation,none,none,not_observed
review-backfill-41bfe56b9b1aa03b35a1482c,real-shadow-event-d53d78cd157ebcae1bedb2af,reviewer01_hsyn,2026-07-13T09:44:18+03:00,needs_more_evidence,high,cluster_reviewed_applied,process_context_missing_price_change_ambiguity,126,P0,manual_review_before_materialization,revalidation_required,availability_or_access_uncertain_masked,sufficient_for_outcome_adjudication,True,availability_or_access_uncertain_masked_supports_revalidation_required_request_revalidation,none,none,latest_pdp_review_pool_snapshot_present
review-backfill-d04b14c7f41a953f2e91a15c,real-shadow-event-d544817ece95ebbf9304cb09,reviewer01_hsyn,2026-07-13T02:48:32+03:00,correct_block,high,cluster_reviewed_applied,masked_availability_uncertain_supports_revalidation,127,P0,recheck_primary_offer_availability,revalidation_required,availability_or_access_uncertain_masked,sufficient_for_outcome_adjudication,True,availability_or_access_uncertain_masked_supports_revalidation_required_request_revalidation,none,none,not_observed
review-backfill-1ab04d95aaba726cb1621ae4,real-shadow-event-d5b27c8a986cfd2ef158d90c,reviewer01_hsyn,2026-07-13T09:44:18+03:00,needs_more_evidence,high,cluster_reviewed_applied,fresh_pdp_required_before_outcome_judgment,128,P0,recheck_primary_offer_availability,revalidation_required,availability_or_access_uncertain_masked,sufficient_for_outcome_adjudication,True,availability_or_access_uncertain_masked_supports_revalidation_required_request_revalidation,none,none,not_observed
review-backfill-908dea8f316dd06281659494,real-shadow-event-d673ff75f8ca4a419c5bedb2,reviewer01_hsyn,2026-07-13T09:44:18+03:00,false_block,medium,cluster_reviewed_applied,latest_pdp_record_should_supersede_stale_record_price_change_not_block_evidence,129,P0,manual_review_before_materialization,revalidation_required,not_action_grade_masked,sufficient_for_outcome_adjudication,True,not_action_grade_masked_supports_revalidation_required_request_revalidation,none,none,latest_pdp_review_pool_snapshot_present
review-backfill-1ac75a818c5423945b12abf9,real-shadow-event-d752f007010db1707a0b1abd,reviewer01_hsyn,2026-07-13T04:18:14+03:00,correct_block,high,cluster_reviewed_applied,masked_availability_uncertain_supports_revalidation,130,P0,recheck_primary_offer_availability,revalidation_required,availability_or_access_uncertain_masked,sufficient_for_outcome_adjudication,True,availability_or_access_uncertain_masked_supports_revalidation_required_request_revalidation,none,none,not_observed
review-backfill-0b9eff33379b232a165e6aca,real-shadow-event-dd3a176ddc3ef7839085d40d,reviewer01_hsyn,2026-07-13T03:26:46+03:00,correct_block,high,cluster_reviewed_applied,availability_uncertain_not_action_grade_supports_revalidation,131,P0,recheck_primary_offer_availability,revalidation_required,availability_or_access_uncertain_masked,sufficient_for_outcome_adjudication,True,availability_or_access_uncertain_masked_supports_revalidation_required_request_revalidation,none,none,not_observed
review-backfill-c291950d1c54ab966cbaca44,real-shadow-event-dd879ba0b4cffbaea1cb2d30,reviewer01_hsyn,2026-07-13T09:44:18+03:00,correct_block,high,cluster_reviewed_applied,availability_recheck_correct_when_availability_unconfirmed,132,P0,recheck_primary_offer_availability,revalidation_required,availability_or_access_uncertain_masked,sufficient_for_outcome_adjudication,True,availability_or_access_uncertain_masked_supports_revalidation_required_request_revalidation,none,none,not_observed
review-backfill-2c3099a307592553a40ec707,real-shadow-event-df403b29dc5ab1dcbac25543,reviewer01_hsyn,2026-07-13T09:44:18+03:00,false_block,high,cluster_reviewed_applied,all_visual_flags_true_revalidation_signal_false_block,133,P0,recheck_primary_offer_availability,revalidation_required,availability_or_access_uncertain_masked,sufficient_for_outcome_adjudication,True,visible_contradiction_requires_human_adjudication:revalidation_signal_conflicts_with_all_visual_flags_true,none,revalidation_signal_conflicts_with_all_visual_flags_true,not_observed
review-backfill-bebe7be11c657354e4653316,real-shadow-event-e01507ba41804cf02975369c,reviewer01_hsyn,2026-07-13T09:44:18+03:00,correct_block,high,cluster_reviewed_applied,confirmed_unavailable_supports_availability_recheck,134,P0,recheck_primary_offer_availability,revalidation_required,availability_or_access_uncertain_masked,sufficient_for_outcome_adjudication,True,availability_or_access_uncertain_masked_supports_revalidation_required_request_revalidation,none,none,not_observed
review-backfill-86689288dc121a56cea9dd10,real-shadow-event-e24f3c3ef29d41eeff541024,reviewer01_hsyn,2026-07-13T02:48:32+03:00,correct_block,high,cluster_reviewed_applied,masked_availability_uncertain_supports_revalidation,135,P0,recheck_primary_offer_availability,revalidation_required,availability_or_access_uncertain_masked,sufficient_for_outcome_adjudication,True,availability_or_access_uncertain_masked_supports_revalidation_required_request_revalidation,none,none,not_observed
review-backfill-2abb9c8f44a21b72d6d8a349,real-shadow-event-e459434081f879e434febabe,reviewer01_hsyn,2026-07-13T09:44:18+03:00,false_block,high,cluster_reviewed_applied,all_visual_flags_true_revalidation_signal_false_block,136,P0,manual_review_before_materialization,revalidation_required,availability_or_access_uncertain_masked,sufficient_for_outcome_adjudication,True,visible_contradiction_requires_human_adjudication:revalidation_signal_conflicts_with_all_visual_flags_true,none,revalidation_signal_conflicts_with_all_visual_flags_true,latest_pdp_review_pool_snapshot_present
review-backfill-4dd34384b9f4e381bb59f08c,real-shadow-event-e71e2f02ff04a18b1dd362be,reviewer01_hsyn,2026-07-13T09:44:18+03:00,needs_more_evidence,high,cluster_reviewed_applied,blocked_pdp_evidence_insufficient_for_outcome_judgment,137,P0,manual_review_before_materialization,revalidation_required,availability_or_access_uncertain_masked,sufficient_for_outcome_adjudication,True,availability_or_access_uncertain_masked_supports_revalidation_required_request_revalidation,none,none,latest_pdp_review_pool_snapshot_present
review-backfill-bd786b2a7a853bb2c4ed5c64,real-shadow-event-e7c36abd47e5116061703f37,reviewer01_hsyn,2026-07-13T04:18:14+03:00,correct_block,high,cluster_reviewed_applied,masked_availability_uncertain_supports_revalidation,138,P0,recheck_primary_offer_availability,revalidation_required,availability_or_access_uncertain_masked,sufficient_for_outcome_adjudication,True,availability_or_access_uncertain_masked_supports_revalidation_required_request_revalidation,none,none,not_observed
review-backfill-1a5e11aaab2238159be74f3e,real-shadow-event-ebff0651806f68acee347a5b,reviewer01_hsyn,2026-07-13T02:48:32+03:00,correct_block,high,cluster_reviewed_applied,masked_availability_uncertain_supports_revalidation,139,P0,recheck_primary_offer_availability,revalidation_required,availability_or_access_uncertain_masked,sufficient_for_outcome_adjudication,True,availability_or_access_uncertain_masked_supports_revalidation_required_request_revalidation,none,none,not_observed
review-backfill-cb998559e1667e8772ca935b,real-shadow-event-ee4b825a2700dca8e364b91c,reviewer01_hsyn,2026-07-13T09:44:18+03:00,false_block,medium,cluster_reviewed_applied,latest_pdp_record_should_supersede_stale_record_price_change_not_block_evidence,140,P0,manual_review_before_materialization,revalidation_required,not_action_grade_masked,sufficient_for_outcome_adjudication,True,not_action_grade_masked_supports_revalidation_required_request_revalidation,none,none,latest_pdp_review_pool_snapshot_present
review-backfill-6f9d4a4e9549bf2225cb41fe,real-shadow-event-f0510a06e252bfb2cb0267bc,reviewer01_hsyn,2026-07-13T02:48:32+03:00,correct_block,high,cluster_reviewed_applied,masked_availability_uncertain_supports_revalidation,141,P0,recheck_primary_offer_availability,revalidation_required,availability_or_access_uncertain_masked,sufficient_for_outcome_adjudication,True,availability_or_access_uncertain_masked_supports_revalidation_required_request_revalidation,none,none,not_observed
review-backfill-66b323385c35ad380b4dccde,real-shadow-event-f1b9e30f833cbd4e10c3e6ff,reviewer01_hsyn,2026-07-13T09:44:18+03:00,correct_block,high,cluster_reviewed_applied,availability_recheck_correct_when_availability_unconfirmed,142,P0,recheck_primary_offer_availability,revalidation_required,availability_or_access_uncertain_masked,sufficient_for_outcome_adjudication,True,availability_or_access_uncertain_masked_supports_revalidation_required_request_revalidation,none,none,not_observed
review-backfill-3fabc461b62bcf7ba611282e,real-shadow-event-f1e463077f35c13375ac94a9,reviewer01_hsyn,2026-07-13T04:18:14+03:00,correct_block,high,cluster_reviewed_applied,masked_availability_uncertain_supports_revalidation,143,P0,recheck_primary_offer_availability,revalidation_required,availability_or_access_uncertain_masked,sufficient_for_outcome_adjudication,True,availability_or_access_uncertain_masked_supports_revalidation_required_request_revalidation,none,none,not_observed
review-backfill-8140b9c90a4f3f52c953ff4f,real-shadow-event-f8461de4308de81bc213616c,reviewer01_hsyn,2026-07-13T09:44:18+03:00,false_block,medium,cluster_reviewed_applied,latest_pdp_record_should_supersede_stale_record_price_change_not_block_evidence,144,P0,manual_review_before_materialization,revalidation_required,not_action_grade_masked,sufficient_for_outcome_adjudication,True,not_action_grade_masked_supports_revalidation_required_request_revalidation,none,none,latest_pdp_review_pool_snapshot_present
review-backfill-07d12d47242a5f22dd575b5b,real-shadow-event-fa448704fdb95f96fd42a5cf,reviewer01_hsyn,2026-07-13T02:48:32+03:00,correct_block,high,cluster_reviewed_applied,masked_availability_uncertain_supports_revalidation,145,P0,recheck_primary_offer_availability,revalidation_required,availability_or_access_uncertain_masked,sufficient_for_outcome_adjudication,True,availability_or_access_uncertain_masked_supports_revalidation_required_request_revalidation,none,none,not_observed
review-backfill-2bd820ad4b23ea804c6d7e38,real-shadow-event-faa130c74822f0ae1710e0c9,reviewer01_hsyn,2026-07-13T03:26:46+03:00,correct_block,high,cluster_reviewed_applied,availability_uncertain_not_action_grade_supports_revalidation,146,P0,recheck_primary_offer_availability,revalidation_required,availability_or_access_uncertain_masked,sufficient_for_outcome_adjudication,True,availability_or_access_uncertain_masked_supports_revalidation_required_request_revalidation,none,none,not_observed
review-backfill-154b7d39e34ec4deeb6862a2,real-shadow-event-fd0644b1893cef4b24d72c2e,reviewer01_hsyn,2026-07-13T09:44:18+03:00,needs_more_evidence,high,cluster_reviewed_applied,fresh_pdp_required_before_stale_price_outcome_judgment,148,P0,manual_review_before_materialization,revalidation_required,price_or_materialization_conflict_masked,sufficient_for_outcome_adjudication,True,price_or_materialization_conflict_masked_supports_revalidation_required_request_revalidation,none,none,latest_pdp_review_pool_snapshot_present
review-backfill-b2868fa137535e7af131881d,real-shadow-event-fe1dd0b2737bc9b4585728c8,reviewer01_hsyn,2026-07-13T02:48:32+03:00,correct_block,high,cluster_reviewed_applied,masked_availability_uncertain_supports_revalidation,149,P0,recheck_primary_offer_availability,revalidation_required,availability_or_access_uncertain_masked,sufficient_for_outcome_adjudication,True,availability_or_access_uncertain_masked_supports_revalidation_required_request_revalidation,none,none,not_observed
review-backfill-d8a74a88c85934011d06e0b4,real-shadow-event-ff000b5385df76aaf6900f92,reviewer01_hsyn,2026-07-13T03:26:46+03:00,correct_block,high,cluster_reviewed_applied,availability_uncertain_not_action_grade_supports_revalidation,150,P0,recheck_primary_offer_availability,revalidation_required,availability_or_access_uncertain_masked,sufficient_for_outcome_adjudication,True,availability_or_access_uncertain_masked_supports_revalidation_required_request_revalidation,none,none,not_observed
review-backfill-f8842571a6921fd0467a3bca,real-shadow-event-ff8de29daf5f8fd89abaa71a,reviewer01_hsyn,2026-07-13T02:48:32+03:00,correct_block,high,cluster_reviewed_applied,masked_availability_uncertain_supports_revalidation,151,P0,recheck_primary_offer_availability,revalidation_required,availability_or_access_uncertain_masked,sufficient_for_outcome_adjudication,True,availability_or_access_uncertain_masked_supports_revalidation_required_request_revalidation,none,none,not_observed
