batch_id,batch_row_number,queue_id,priority_rank,priority_band,event_id,captured_at,workflow_source,data_classification,event_mode,action_type,action_impact,timing,likelihood_band,exposure_band,execution_verdict,recommended_action,followup_lane,reason_codes,risk_point_codes,source_evidence_ref_hashes,selection_reasons,recommended_independent_reviews,allowed_labels
backfill_batch_018,1,review-backfill-20bdf01c2fb0774686bce9dc,1707,P1,real-shadow-event-f28f2ad6ff6d41a50ab420c6,2026-06-08T09:34:52+00:00,internal_shadow,masked,shadow,confirm_visual_price_before_update,high,immediate,active_issue,severe,revalidation_required,request_revalidation,lease_renewal_required,revalidation_required|real_shadow_empirical_workflow_observed,confirm_visual_price_before_update,1c69bef30939260c7d53be94,independent_human_review_missing|independent_review_stratum_below_level4:action_type=confirm_visual_price_before_update|high_action_impact|active_issue_likelihood,1,correct_block|false_allow|false_block|missed_revalidation|needs_more_evidence|safe_allow
backfill_batch_018,2,review-backfill-6e444808e3d04f7aceaed109,1708,P1,real-shadow-event-f2dcbe60dd06a401a5696c76,2026-06-08T09:34:52+00:00,internal_shadow,masked,shadow,resolve_seller_comparability_before_materialization,high,immediate,active_issue,severe,blocked_policy_changed,request_revalidation,new_decision_required,blocked_policy_changed|real_shadow_empirical_workflow_observed,resolve_seller_comparability_before_materialization,a6ae2cd48d41f99407d7a2c8,independent_human_review_missing|independent_review_stratum_below_level4:action_type=resolve_seller_comparability_before_materialization|high_action_impact|active_issue_likelihood,1,correct_block|false_allow|false_block|missed_revalidation|needs_more_evidence|safe_allow
backfill_batch_018,3,review-backfill-30e7c3a01c889e86a842a87f,1709,P1,real-shadow-event-f33b93b9b5b0f6b5369c2b5e,2026-06-08T09:34:52+00:00,internal_shadow,masked,shadow,confirm_visual_price_before_update,high,immediate,active_issue,severe,revalidation_required,request_revalidation,lease_renewal_required,revalidation_required|real_shadow_empirical_workflow_observed,confirm_visual_price_before_update,9eaf28b4f7d1946ff91e49a0,independent_human_review_missing|independent_review_stratum_below_level4:action_type=confirm_visual_price_before_update|high_action_impact|active_issue_likelihood,1,correct_block|false_allow|false_block|missed_revalidation|needs_more_evidence|safe_allow
backfill_batch_018,4,review-backfill-5f6fd4c29864a4d1cfad83e9,1710,P1,real-shadow-event-f3717320e08bf6e12196810f,2026-05-15T15:00:51+00:00,internal_shadow,masked,shadow,resolve_seller_comparability_before_materialization,high,immediate,active_issue,severe,blocked_policy_changed,request_revalidation,new_decision_required,blocked_policy_changed|real_shadow_empirical_workflow_observed,resolve_seller_comparability_before_materialization,6678f34d1015f28a290c0543,independent_human_review_missing|independent_review_stratum_below_level4:action_type=resolve_seller_comparability_before_materialization|high_action_impact|active_issue_likelihood,1,correct_block|false_allow|false_block|missed_revalidation|needs_more_evidence|safe_allow
backfill_batch_018,5,review-backfill-17fcbfa6c3f2ba11b4e5fb0a,1711,P1,real-shadow-event-f378ae92249c52caf6b3f29c,2026-05-15T11:03:47+00:00,internal_shadow,masked,shadow,confirm_visual_price_before_update,high,immediate,active_issue,severe,revalidation_required,request_revalidation,lease_renewal_required,revalidation_required|real_shadow_empirical_workflow_observed,confirm_visual_price_before_update,85d5491ec6b1e98445feb925,independent_human_review_missing|independent_review_stratum_below_level4:action_type=confirm_visual_price_before_update|high_action_impact|active_issue_likelihood,1,correct_block|false_allow|false_block|missed_revalidation|needs_more_evidence|safe_allow
backfill_batch_018,6,review-backfill-b2544a63b47a7005f6bce248,1712,P1,real-shadow-event-f3a1791365b046eda14e88ce,2026-05-15T11:03:47+00:00,internal_shadow,masked,shadow,recheck_identity_and_source_before_materialization,high,immediate,active_issue,severe,blocked_identity_changed,block_action,new_decision_required,blocked_identity_changed|real_shadow_empirical_workflow_observed,recheck_identity_and_source_before_materialization,cefcb4d1a790a9a4cb897d4f,independent_human_review_missing|independent_review_stratum_below_level4:action_type=recheck_identity_and_source_before_materialization|high_action_impact|active_issue_likelihood,1,correct_block|false_allow|false_block|missed_revalidation|needs_more_evidence|safe_allow
backfill_batch_018,7,review-backfill-dc343aef1739819b52c1f238,1713,P1,real-shadow-event-f3ae643d983175daa73fa312,2026-05-15T11:03:47+00:00,internal_shadow,masked,shadow,resolve_seller_comparability_before_materialization,high,immediate,active_issue,severe,blocked_policy_changed,request_revalidation,new_decision_required,blocked_policy_changed|real_shadow_empirical_workflow_observed,resolve_seller_comparability_before_materialization,3ce36ef80105042ee54af833,independent_human_review_missing|independent_review_stratum_below_level4:action_type=resolve_seller_comparability_before_materialization|high_action_impact|active_issue_likelihood,1,correct_block|false_allow|false_block|missed_revalidation|needs_more_evidence|safe_allow
backfill_batch_018,8,review-backfill-a689f1fc2889282fb1bbd0a7,1714,P1,real-shadow-event-f3c2dfffaed8dee0bbdeb2bd,2026-05-15T15:00:51+00:00,internal_shadow,masked,shadow,recheck_identity_and_source_before_materialization,high,immediate,active_issue,severe,blocked_identity_changed,block_action,new_decision_required,blocked_identity_changed|real_shadow_empirical_workflow_observed,recheck_identity_and_source_before_materialization,58996cb2be56698df9524fe0,independent_human_review_missing|independent_review_stratum_below_level4:action_type=recheck_identity_and_source_before_materialization|high_action_impact|active_issue_likelihood,1,correct_block|false_allow|false_block|missed_revalidation|needs_more_evidence|safe_allow
backfill_batch_018,9,review-backfill-23b7b02363cb2e0aa8f3d0cf,1715,P1,real-shadow-event-f3dd913c3791abb4abeebaff,2026-05-15T11:03:47+00:00,internal_shadow,masked,shadow,resolve_seller_comparability_before_materialization,high,immediate,active_issue,severe,blocked_policy_changed,request_revalidation,new_decision_required,blocked_policy_changed|real_shadow_empirical_workflow_observed,resolve_seller_comparability_before_materialization,c933acac78530584b81e2654,independent_human_review_missing|independent_review_stratum_below_level4:action_type=resolve_seller_comparability_before_materialization|high_action_impact|active_issue_likelihood,1,correct_block|false_allow|false_block|missed_revalidation|needs_more_evidence|safe_allow
backfill_batch_018,10,review-backfill-fdcf3557498f2a43e097f032,1716,P1,real-shadow-event-f491ad7801b3547223004633,2026-05-15T15:00:51+00:00,internal_shadow,masked,shadow,resolve_seller_comparability_before_materialization,high,immediate,active_issue,severe,blocked_policy_changed,request_revalidation,new_decision_required,blocked_policy_changed|real_shadow_empirical_workflow_observed,resolve_seller_comparability_before_materialization,4e7a668fa739250a8f2e4206,independent_human_review_missing|independent_review_stratum_below_level4:action_type=resolve_seller_comparability_before_materialization|high_action_impact|active_issue_likelihood,1,correct_block|false_allow|false_block|missed_revalidation|needs_more_evidence|safe_allow
backfill_batch_018,11,review-backfill-887b93e5033f4d52fb061ebc,1717,P1,real-shadow-event-f4b6cbac34cbd10e1dafe4dc,2026-05-15T15:00:51+00:00,internal_shadow,masked,shadow,recheck_identity_and_source_before_materialization,high,immediate,active_issue,severe,blocked_identity_changed,block_action,new_decision_required,blocked_identity_changed|real_shadow_empirical_workflow_observed,recheck_identity_and_source_before_materialization,bf47ec2d3b9195fbb647299f,independent_human_review_missing|independent_review_stratum_below_level4:action_type=recheck_identity_and_source_before_materialization|high_action_impact|active_issue_likelihood,1,correct_block|false_allow|false_block|missed_revalidation|needs_more_evidence|safe_allow
backfill_batch_018,12,review-backfill-bd275539a1246c53acbeb59e,1718,P1,real-shadow-event-f4e09b00aaf4fe8ee18e59a2,2026-05-15T11:03:47+00:00,internal_shadow,masked,shadow,resolve_seller_comparability_before_materialization,high,immediate,active_issue,severe,blocked_policy_changed,request_revalidation,new_decision_required,blocked_policy_changed|real_shadow_empirical_workflow_observed,resolve_seller_comparability_before_materialization,6eed38e247ee315963e0d7e5,independent_human_review_missing|independent_review_stratum_below_level4:action_type=resolve_seller_comparability_before_materialization|high_action_impact|active_issue_likelihood,1,correct_block|false_allow|false_block|missed_revalidation|needs_more_evidence|safe_allow
backfill_batch_018,13,review-backfill-805ac9426fc23af894379785,1719,P1,real-shadow-event-f52c0db28348bddcd996794e,2026-05-15T15:00:51+00:00,internal_shadow,masked,shadow,confirm_visual_price_before_update,high,immediate,active_issue,severe,revalidation_required,request_revalidation,lease_renewal_required,revalidation_required|real_shadow_empirical_workflow_observed,confirm_visual_price_before_update,6fa065a72855624276f3f469,independent_human_review_missing|independent_review_stratum_below_level4:action_type=confirm_visual_price_before_update|high_action_impact|active_issue_likelihood,1,correct_block|false_allow|false_block|missed_revalidation|needs_more_evidence|safe_allow
backfill_batch_018,14,review-backfill-3bea869a3be752071d8eb4d8,1720,P1,real-shadow-event-f566b07450c6f1f6e825a1e6,2026-06-08T09:34:52+00:00,internal_shadow,masked,shadow,recheck_identity_and_source_before_materialization,high,immediate,active_issue,severe,blocked_identity_changed,block_action,new_decision_required,blocked_identity_changed|real_shadow_empirical_workflow_observed,recheck_identity_and_source_before_materialization,7c02fa46691a608f032ac300,independent_human_review_missing|independent_review_stratum_below_level4:action_type=recheck_identity_and_source_before_materialization|high_action_impact|active_issue_likelihood,1,correct_block|false_allow|false_block|missed_revalidation|needs_more_evidence|safe_allow
backfill_batch_018,15,review-backfill-6303a9231fcbf5cd5fa096a2,1721,P1,real-shadow-event-f5684bbba9aaa4242d601dd0,2026-05-15T15:00:51+00:00,internal_shadow,masked,shadow,recheck_identity_and_source_before_materialization,high,immediate,active_issue,severe,blocked_identity_changed,block_action,new_decision_required,blocked_identity_changed|real_shadow_empirical_workflow_observed,recheck_identity_and_source_before_materialization,a1a1c9f7a08fef7f300790ba,independent_human_review_missing|independent_review_stratum_below_level4:action_type=recheck_identity_and_source_before_materialization|high_action_impact|active_issue_likelihood,1,correct_block|false_allow|false_block|missed_revalidation|needs_more_evidence|safe_allow
backfill_batch_018,16,review-backfill-c262fac113eecbeb4358c5aa,1722,P1,real-shadow-event-f595d1b73419245bb6fd4410,2026-05-15T15:00:51+00:00,internal_shadow,masked,shadow,resolve_seller_comparability_before_materialization,high,immediate,active_issue,severe,blocked_policy_changed,request_revalidation,new_decision_required,blocked_policy_changed|real_shadow_empirical_workflow_observed,resolve_seller_comparability_before_materialization,b5682c574bc6cd6dd73d3605,independent_human_review_missing|independent_review_stratum_below_level4:action_type=resolve_seller_comparability_before_materialization|high_action_impact|active_issue_likelihood,1,correct_block|false_allow|false_block|missed_revalidation|needs_more_evidence|safe_allow
backfill_batch_018,17,review-backfill-ca34df850a1b974dd7b3a494,1723,P1,real-shadow-event-f5b157ad9c5f4b7947701839,2026-05-15T11:03:47+00:00,internal_shadow,masked,shadow,recheck_identity_and_source_before_materialization,high,immediate,active_issue,severe,blocked_identity_changed,block_action,new_decision_required,blocked_identity_changed|real_shadow_empirical_workflow_observed,recheck_identity_and_source_before_materialization,562d855cd73b15448a9a6897,independent_human_review_missing|independent_review_stratum_below_level4:action_type=recheck_identity_and_source_before_materialization|high_action_impact|active_issue_likelihood,1,correct_block|false_allow|false_block|missed_revalidation|needs_more_evidence|safe_allow
backfill_batch_018,18,review-backfill-416f978b49696d1d285127d9,1724,P1,real-shadow-event-f5e0cc47c572906a8431bda0,2026-06-08T09:34:52+00:00,internal_shadow,masked,shadow,confirm_visual_price_before_update,high,immediate,active_issue,severe,revalidation_required,request_revalidation,lease_renewal_required,revalidation_required|real_shadow_empirical_workflow_observed,confirm_visual_price_before_update,dccbfa6e868d0199ff4ef712,independent_human_review_missing|independent_review_stratum_below_level4:action_type=confirm_visual_price_before_update|high_action_impact|active_issue_likelihood,1,correct_block|false_allow|false_block|missed_revalidation|needs_more_evidence|safe_allow
backfill_batch_018,19,review-backfill-d76a35a04baf338d1e6ff643,1725,P1,real-shadow-event-f71a75edd8b96b74aa38fde9,2026-05-15T15:00:51+00:00,internal_shadow,masked,shadow,recheck_identity_and_source_before_materialization,high,immediate,active_issue,severe,blocked_identity_changed,block_action,new_decision_required,blocked_identity_changed|real_shadow_empirical_workflow_observed,recheck_identity_and_source_before_materialization,217d4c6985658437fa4943c1,independent_human_review_missing|independent_review_stratum_below_level4:action_type=recheck_identity_and_source_before_materialization|high_action_impact|active_issue_likelihood,1,correct_block|false_allow|false_block|missed_revalidation|needs_more_evidence|safe_allow
backfill_batch_018,20,review-backfill-043c1fa484fab4e9bec57b74,1726,P1,real-shadow-event-f724c8a3e26ca0d30fd513e5,2026-06-08T09:34:52+00:00,internal_shadow,masked,shadow,confirm_visual_price_before_update,high,immediate,active_issue,severe,revalidation_required,request_revalidation,lease_renewal_required,revalidation_required|real_shadow_empirical_workflow_observed,confirm_visual_price_before_update,ff605e8e04ec1f95dedbe56b,independent_human_review_missing|independent_review_stratum_below_level4:action_type=confirm_visual_price_before_update|high_action_impact|active_issue_likelihood,1,correct_block|false_allow|false_block|missed_revalidation|needs_more_evidence|safe_allow
backfill_batch_018,21,review-backfill-3281452ab85c0d7d3820c932,1727,P1,real-shadow-event-f7b2664bba3e96232deeaf4a,2026-05-15T15:00:51+00:00,internal_shadow,masked,shadow,confirm_visual_price_before_update,high,immediate,active_issue,severe,revalidation_required,request_revalidation,lease_renewal_required,revalidation_required|real_shadow_empirical_workflow_observed,confirm_visual_price_before_update,f4c6b83a59e700e30b112873,independent_human_review_missing|independent_review_stratum_below_level4:action_type=confirm_visual_price_before_update|high_action_impact|active_issue_likelihood,1,correct_block|false_allow|false_block|missed_revalidation|needs_more_evidence|safe_allow
backfill_batch_018,22,review-backfill-210100c02c5409e9f21585b0,1728,P1,real-shadow-event-f7d4f455769fd78340f162cb,2026-05-15T11:03:47+00:00,internal_shadow,masked,shadow,resolve_seller_comparability_before_materialization,high,immediate,active_issue,severe,blocked_policy_changed,request_revalidation,new_decision_required,blocked_policy_changed|real_shadow_empirical_workflow_observed,resolve_seller_comparability_before_materialization,a501f91259a422236ea3524b,independent_human_review_missing|independent_review_stratum_below_level4:action_type=resolve_seller_comparability_before_materialization|high_action_impact|active_issue_likelihood,1,correct_block|false_allow|false_block|missed_revalidation|needs_more_evidence|safe_allow
backfill_batch_018,23,review-backfill-d62dde622875d9fb184fc5bd,1729,P1,real-shadow-event-f853ce73dfccd929b57d7328,2026-06-08T09:34:52+00:00,internal_shadow,masked,shadow,resolve_seller_comparability_before_materialization,high,immediate,active_issue,severe,blocked_policy_changed,request_revalidation,new_decision_required,blocked_policy_changed|real_shadow_empirical_workflow_observed,resolve_seller_comparability_before_materialization,77e9a3541d95c496fa2c7e16,independent_human_review_missing|independent_review_stratum_below_level4:action_type=resolve_seller_comparability_before_materialization|high_action_impact|active_issue_likelihood,1,correct_block|false_allow|false_block|missed_revalidation|needs_more_evidence|safe_allow
backfill_batch_018,24,review-backfill-0e2985605662198501ee2140,1730,P1,real-shadow-event-f85a2f43eaf3694130cdf440,2026-05-15T15:00:51+00:00,internal_shadow,masked,shadow,resolve_seller_comparability_before_materialization,high,immediate,active_issue,severe,blocked_policy_changed,request_revalidation,new_decision_required,blocked_policy_changed|real_shadow_empirical_workflow_observed,resolve_seller_comparability_before_materialization,0fb4d7db5026f160a676a039,independent_human_review_missing|independent_review_stratum_below_level4:action_type=resolve_seller_comparability_before_materialization|high_action_impact|active_issue_likelihood,1,correct_block|false_allow|false_block|missed_revalidation|needs_more_evidence|safe_allow
backfill_batch_018,25,review-backfill-6babefa5a9d61fc3eb5f8074,1731,P1,real-shadow-event-f86d7470d5cad87fcd410599,2026-05-15T11:03:47+00:00,internal_shadow,masked,shadow,recheck_identity_and_source_before_materialization,high,immediate,active_issue,severe,blocked_identity_changed,block_action,new_decision_required,blocked_identity_changed|real_shadow_empirical_workflow_observed,recheck_identity_and_source_before_materialization,42eee3706c4d664af5802d3b,independent_human_review_missing|independent_review_stratum_below_level4:action_type=recheck_identity_and_source_before_materialization|high_action_impact|active_issue_likelihood,1,correct_block|false_allow|false_block|missed_revalidation|needs_more_evidence|safe_allow
backfill_batch_018,26,review-backfill-4e153f71722df59ed94fcdb9,1732,P1,real-shadow-event-f8992de2fd91494b8bd56bab,2026-06-08T09:34:52+00:00,internal_shadow,masked,shadow,resolve_seller_comparability_before_materialization,high,immediate,active_issue,severe,blocked_policy_changed,request_revalidation,new_decision_required,blocked_policy_changed|real_shadow_empirical_workflow_observed,resolve_seller_comparability_before_materialization,de689e168df5e0e2ecec43a0,independent_human_review_missing|independent_review_stratum_below_level4:action_type=resolve_seller_comparability_before_materialization|high_action_impact|active_issue_likelihood,1,correct_block|false_allow|false_block|missed_revalidation|needs_more_evidence|safe_allow
backfill_batch_018,27,review-backfill-ce78eab2463156303719251d,1733,P1,real-shadow-event-f8b22a831ed3a3517751953b,2026-05-15T15:00:51+00:00,internal_shadow,masked,shadow,recheck_identity_and_source_before_materialization,high,immediate,active_issue,severe,blocked_identity_changed,block_action,new_decision_required,blocked_identity_changed|real_shadow_empirical_workflow_observed,recheck_identity_and_source_before_materialization,480fd87036959276fa102535,independent_human_review_missing|independent_review_stratum_below_level4:action_type=recheck_identity_and_source_before_materialization|high_action_impact|active_issue_likelihood,1,correct_block|false_allow|false_block|missed_revalidation|needs_more_evidence|safe_allow
backfill_batch_018,28,review-backfill-f23af6e68af524abda7e3f83,1734,P1,real-shadow-event-f8fbf82b9072aef9de0fe372,2026-05-15T15:00:51+00:00,internal_shadow,masked,shadow,recheck_identity_and_source_before_materialization,high,immediate,active_issue,severe,blocked_identity_changed,block_action,new_decision_required,blocked_identity_changed|real_shadow_empirical_workflow_observed,recheck_identity_and_source_before_materialization,0added761be0acdb6342bb06,independent_human_review_missing|independent_review_stratum_below_level4:action_type=recheck_identity_and_source_before_materialization|high_action_impact|active_issue_likelihood,1,correct_block|false_allow|false_block|missed_revalidation|needs_more_evidence|safe_allow
backfill_batch_018,29,review-backfill-d103604fbac46c162f5fc7c9,1735,P1,real-shadow-event-f9313472a684df06b8938d2e,2026-06-08T09:34:52+00:00,internal_shadow,masked,shadow,recheck_identity_and_source_before_materialization,high,immediate,active_issue,severe,blocked_identity_changed,block_action,new_decision_required,blocked_identity_changed|real_shadow_empirical_workflow_observed,recheck_identity_and_source_before_materialization,b0b2f027976296dbefc5e2b1,independent_human_review_missing|independent_review_stratum_below_level4:action_type=recheck_identity_and_source_before_materialization|high_action_impact|active_issue_likelihood,1,correct_block|false_allow|false_block|missed_revalidation|needs_more_evidence|safe_allow
backfill_batch_018,30,review-backfill-412121bef8af1dd74a3fc2c7,1736,P1,real-shadow-event-f9411a5bbc7490442c484e82,2026-05-15T15:00:51+00:00,internal_shadow,masked,shadow,recheck_identity_and_source_before_materialization,high,immediate,active_issue,severe,blocked_identity_changed,block_action,new_decision_required,blocked_identity_changed|real_shadow_empirical_workflow_observed,recheck_identity_and_source_before_materialization,d9c1f63f171a5f5f223017bd,independent_human_review_missing|independent_review_stratum_below_level4:action_type=recheck_identity_and_source_before_materialization|high_action_impact|active_issue_likelihood,1,correct_block|false_allow|false_block|missed_revalidation|needs_more_evidence|safe_allow
backfill_batch_018,31,review-backfill-c5274894a6b2445b7debd7dd,1737,P1,real-shadow-event-f963a6abacea5e006908dbc6,2026-05-15T15:00:51+00:00,internal_shadow,masked,shadow,recheck_identity_and_source_before_materialization,high,immediate,active_issue,severe,blocked_identity_changed,block_action,new_decision_required,blocked_identity_changed|real_shadow_empirical_workflow_observed,recheck_identity_and_source_before_materialization,b978c0b8f8fba88b29e7f236,independent_human_review_missing|independent_review_stratum_below_level4:action_type=recheck_identity_and_source_before_materialization|high_action_impact|active_issue_likelihood,1,correct_block|false_allow|false_block|missed_revalidation|needs_more_evidence|safe_allow
backfill_batch_018,32,review-backfill-a9ecffa0a405559d04595837,1738,P1,real-shadow-event-f97ae4952512df8daea1b225,2026-05-15T11:03:47+00:00,internal_shadow,masked,shadow,recheck_identity_and_source_before_materialization,high,immediate,active_issue,severe,blocked_identity_changed,block_action,new_decision_required,blocked_identity_changed|real_shadow_empirical_workflow_observed,recheck_identity_and_source_before_materialization,57a9df9409f5e23778c4c55c,independent_human_review_missing|independent_review_stratum_below_level4:action_type=recheck_identity_and_source_before_materialization|high_action_impact|active_issue_likelihood,1,correct_block|false_allow|false_block|missed_revalidation|needs_more_evidence|safe_allow
backfill_batch_018,33,review-backfill-b30acbd7f77a0fb0a7b755bb,1739,P1,real-shadow-event-f97e16139398e3ffddbdd113,2026-05-15T15:00:51+00:00,internal_shadow,masked,shadow,confirm_visual_price_before_update,high,immediate,active_issue,severe,revalidation_required,request_revalidation,lease_renewal_required,revalidation_required|real_shadow_empirical_workflow_observed,confirm_visual_price_before_update,aee360ce7c76464ee788be37,independent_human_review_missing|independent_review_stratum_below_level4:action_type=confirm_visual_price_before_update|high_action_impact|active_issue_likelihood,1,correct_block|false_allow|false_block|missed_revalidation|needs_more_evidence|safe_allow
backfill_batch_018,34,review-backfill-15b53f63847d9249d9a25813,1740,P1,real-shadow-event-f9911e3165c3edb09d647a20,2026-05-15T11:03:47+00:00,internal_shadow,masked,shadow,resolve_seller_comparability_before_materialization,high,immediate,active_issue,severe,blocked_policy_changed,request_revalidation,new_decision_required,blocked_policy_changed|real_shadow_empirical_workflow_observed,resolve_seller_comparability_before_materialization,79abb46dcb13da036894a985,independent_human_review_missing|independent_review_stratum_below_level4:action_type=resolve_seller_comparability_before_materialization|high_action_impact|active_issue_likelihood,1,correct_block|false_allow|false_block|missed_revalidation|needs_more_evidence|safe_allow
backfill_batch_018,35,review-backfill-7d99b5e929a0aaf3d989bc98,1741,P1,real-shadow-event-f9a805a19b5d623f8c31c0ed,2026-05-15T15:00:51+00:00,internal_shadow,masked,shadow,recheck_identity_and_source_before_materialization,high,immediate,active_issue,severe,blocked_identity_changed,block_action,new_decision_required,blocked_identity_changed|real_shadow_empirical_workflow_observed,recheck_identity_and_source_before_materialization,e888529b98f21866d2a60186,independent_human_review_missing|independent_review_stratum_below_level4:action_type=recheck_identity_and_source_before_materialization|high_action_impact|active_issue_likelihood,1,correct_block|false_allow|false_block|missed_revalidation|needs_more_evidence|safe_allow
backfill_batch_018,36,review-backfill-a2b25cf65040a41c8e6017e6,1742,P1,real-shadow-event-f9d9c46609aecd5febd7623c,2026-05-15T11:03:47+00:00,internal_shadow,masked,shadow,resolve_seller_comparability_before_materialization,high,immediate,active_issue,severe,blocked_policy_changed,request_revalidation,new_decision_required,blocked_policy_changed|real_shadow_empirical_workflow_observed,resolve_seller_comparability_before_materialization,0715f713e3ac4dc21ec6624d,independent_human_review_missing|independent_review_stratum_below_level4:action_type=resolve_seller_comparability_before_materialization|high_action_impact|active_issue_likelihood,1,correct_block|false_allow|false_block|missed_revalidation|needs_more_evidence|safe_allow
backfill_batch_018,37,review-backfill-2455102a7f8a856861b4622c,1743,P1,real-shadow-event-fa04837ca9e5c3bd8f7d3d7a,2026-06-08T09:34:52+00:00,internal_shadow,masked,shadow,resolve_seller_comparability_before_materialization,high,immediate,active_issue,severe,blocked_policy_changed,request_revalidation,new_decision_required,blocked_policy_changed|real_shadow_empirical_workflow_observed,resolve_seller_comparability_before_materialization,6b627feb2259aca3f5df0641,independent_human_review_missing|independent_review_stratum_below_level4:action_type=resolve_seller_comparability_before_materialization|high_action_impact|active_issue_likelihood,1,correct_block|false_allow|false_block|missed_revalidation|needs_more_evidence|safe_allow
backfill_batch_018,38,review-backfill-cd97695afe294fc2101c3d32,1744,P1,real-shadow-event-fa05fb296ba26e37b4bd65d3,2026-06-08T09:34:52+00:00,internal_shadow,masked,shadow,recheck_identity_and_source_before_materialization,high,immediate,active_issue,severe,blocked_identity_changed,block_action,new_decision_required,blocked_identity_changed|real_shadow_empirical_workflow_observed,recheck_identity_and_source_before_materialization,c2c81254823f90a6618eef04,independent_human_review_missing|independent_review_stratum_below_level4:action_type=recheck_identity_and_source_before_materialization|high_action_impact|active_issue_likelihood,1,correct_block|false_allow|false_block|missed_revalidation|needs_more_evidence|safe_allow
backfill_batch_018,39,review-backfill-b239fddd054bb5e5a9bdfa94,1745,P1,real-shadow-event-fa2924446cd37c37b822cf46,2026-05-15T11:03:47+00:00,internal_shadow,masked,shadow,confirm_visual_price_before_update,high,immediate,active_issue,severe,revalidation_required,request_revalidation,lease_renewal_required,revalidation_required|real_shadow_empirical_workflow_observed,confirm_visual_price_before_update,c28d01b884db233137a08d08,independent_human_review_missing|independent_review_stratum_below_level4:action_type=confirm_visual_price_before_update|high_action_impact|active_issue_likelihood,1,correct_block|false_allow|false_block|missed_revalidation|needs_more_evidence|safe_allow
backfill_batch_018,40,review-backfill-14b9f3ca79cc400b326169dd,1746,P1,real-shadow-event-fa5d3db6f71ec7a498e090b5,2026-06-08T09:34:52+00:00,internal_shadow,masked,shadow,recheck_identity_and_source_before_materialization,high,immediate,active_issue,severe,blocked_identity_changed,block_action,new_decision_required,blocked_identity_changed|real_shadow_empirical_workflow_observed,recheck_identity_and_source_before_materialization,d9ead668147675131f70453e,independent_human_review_missing|independent_review_stratum_below_level4:action_type=recheck_identity_and_source_before_materialization|high_action_impact|active_issue_likelihood,1,correct_block|false_allow|false_block|missed_revalidation|needs_more_evidence|safe_allow
backfill_batch_018,41,review-backfill-268510c2e9f15148ec3512bb,1747,P1,real-shadow-event-fa61374849b3c1a1091cff43,2026-05-15T11:03:47+00:00,internal_shadow,masked,shadow,recheck_identity_and_source_before_materialization,high,immediate,active_issue,severe,blocked_identity_changed,block_action,new_decision_required,blocked_identity_changed|real_shadow_empirical_workflow_observed,recheck_identity_and_source_before_materialization,3a2f60f6950290d87ac93a82,independent_human_review_missing|independent_review_stratum_below_level4:action_type=recheck_identity_and_source_before_materialization|high_action_impact|active_issue_likelihood,1,correct_block|false_allow|false_block|missed_revalidation|needs_more_evidence|safe_allow
backfill_batch_018,42,review-backfill-d02ea6a9c5418e5936889c04,1748,P1,real-shadow-event-fa95c44c76051aa57b535fc1,2026-06-08T09:34:52+00:00,internal_shadow,masked,shadow,resolve_seller_comparability_before_materialization,high,immediate,active_issue,severe,blocked_policy_changed,request_revalidation,new_decision_required,blocked_policy_changed|real_shadow_empirical_workflow_observed,resolve_seller_comparability_before_materialization,1112ae8c67595c99dcca114b,independent_human_review_missing|independent_review_stratum_below_level4:action_type=resolve_seller_comparability_before_materialization|high_action_impact|active_issue_likelihood,1,correct_block|false_allow|false_block|missed_revalidation|needs_more_evidence|safe_allow
backfill_batch_018,43,review-backfill-b259d585e562551f950fe46c,1749,P1,real-shadow-event-faa982c0d3af9338c54b0bb8,2026-06-08T09:34:52+00:00,internal_shadow,masked,shadow,confirm_visual_price_before_update,high,immediate,active_issue,severe,revalidation_required,request_revalidation,lease_renewal_required,revalidation_required|real_shadow_empirical_workflow_observed,confirm_visual_price_before_update,18ec0ef4ec3d814088022d52,independent_human_review_missing|independent_review_stratum_below_level4:action_type=confirm_visual_price_before_update|high_action_impact|active_issue_likelihood,1,correct_block|false_allow|false_block|missed_revalidation|needs_more_evidence|safe_allow
backfill_batch_018,44,review-backfill-6e3cd6fd2e1c3b7457ca589d,1750,P1,real-shadow-event-fad5b387821224c95393c38e,2026-05-15T11:03:47+00:00,internal_shadow,masked,shadow,confirm_visual_price_before_update,high,immediate,active_issue,severe,revalidation_required,request_revalidation,lease_renewal_required,revalidation_required|real_shadow_empirical_workflow_observed,confirm_visual_price_before_update,466aacfae382e011975a584a,independent_human_review_missing|independent_review_stratum_below_level4:action_type=confirm_visual_price_before_update|high_action_impact|active_issue_likelihood,1,correct_block|false_allow|false_block|missed_revalidation|needs_more_evidence|safe_allow
backfill_batch_018,45,review-backfill-b5c600a6c65a5b581312c3f9,1751,P1,real-shadow-event-fadd80089ea421863d93d2db,2026-05-15T15:00:51+00:00,internal_shadow,masked,shadow,recheck_identity_and_source_before_materialization,high,immediate,active_issue,severe,blocked_identity_changed,block_action,new_decision_required,blocked_identity_changed|real_shadow_empirical_workflow_observed,recheck_identity_and_source_before_materialization,54fe75169c9e5799a5019c81,independent_human_review_missing|independent_review_stratum_below_level4:action_type=recheck_identity_and_source_before_materialization|high_action_impact|active_issue_likelihood,1,correct_block|false_allow|false_block|missed_revalidation|needs_more_evidence|safe_allow
backfill_batch_018,46,review-backfill-00ed152c4a15d6b82989d254,1752,P1,real-shadow-event-fadf1a4a3980dff69170a79e,2026-06-08T09:34:52+00:00,internal_shadow,masked,shadow,confirm_visual_price_before_update,high,immediate,active_issue,severe,revalidation_required,request_revalidation,lease_renewal_required,revalidation_required|real_shadow_empirical_workflow_observed,confirm_visual_price_before_update,dd7b3c7a965c4e42e5a57eda,independent_human_review_missing|independent_review_stratum_below_level4:action_type=confirm_visual_price_before_update|high_action_impact|active_issue_likelihood,1,correct_block|false_allow|false_block|missed_revalidation|needs_more_evidence|safe_allow
backfill_batch_018,47,review-backfill-9d80ff2c3387cc7159831933,1753,P1,real-shadow-event-fb19fab61c2038aa958dee08,2026-06-08T09:34:52+00:00,internal_shadow,masked,shadow,resolve_seller_comparability_before_materialization,high,immediate,active_issue,severe,blocked_policy_changed,request_revalidation,new_decision_required,blocked_policy_changed|real_shadow_empirical_workflow_observed,resolve_seller_comparability_before_materialization,1b10e17e7afb0062ee35ab9d,independent_human_review_missing|independent_review_stratum_below_level4:action_type=resolve_seller_comparability_before_materialization|high_action_impact|active_issue_likelihood,1,correct_block|false_allow|false_block|missed_revalidation|needs_more_evidence|safe_allow
backfill_batch_018,48,review-backfill-f21ce345b2061fdae2d02937,1754,P1,real-shadow-event-fb941ea63959fb9c8268ef32,2026-06-08T09:34:52+00:00,internal_shadow,masked,shadow,resolve_seller_comparability_before_materialization,high,immediate,active_issue,severe,blocked_policy_changed,request_revalidation,new_decision_required,blocked_policy_changed|real_shadow_empirical_workflow_observed,resolve_seller_comparability_before_materialization,83215270cb24fb5dc537584b,independent_human_review_missing|independent_review_stratum_below_level4:action_type=resolve_seller_comparability_before_materialization|high_action_impact|active_issue_likelihood,1,correct_block|false_allow|false_block|missed_revalidation|needs_more_evidence|safe_allow
backfill_batch_018,49,review-backfill-7eebcdc7da9e4ac1b755c0c2,1755,P1,real-shadow-event-fb9ed97633c14e0326991324,2026-05-15T15:00:51+00:00,internal_shadow,masked,shadow,recheck_identity_and_source_before_materialization,high,immediate,active_issue,severe,blocked_identity_changed,block_action,new_decision_required,blocked_identity_changed|real_shadow_empirical_workflow_observed,recheck_identity_and_source_before_materialization,a4b2fd5083bf7bc9e3fbc490,independent_human_review_missing|independent_review_stratum_below_level4:action_type=recheck_identity_and_source_before_materialization|high_action_impact|active_issue_likelihood,1,correct_block|false_allow|false_block|missed_revalidation|needs_more_evidence|safe_allow
backfill_batch_018,50,review-backfill-45c693850d5088db3261d557,1756,P1,real-shadow-event-fbb3c118ef1468c6c9c7a715,2026-05-15T11:03:47+00:00,internal_shadow,masked,shadow,recheck_identity_and_source_before_materialization,high,immediate,active_issue,severe,blocked_identity_changed,block_action,new_decision_required,blocked_identity_changed|real_shadow_empirical_workflow_observed,recheck_identity_and_source_before_materialization,34e05bc04f272ea344085755,independent_human_review_missing|independent_review_stratum_below_level4:action_type=recheck_identity_and_source_before_materialization|high_action_impact|active_issue_likelihood,1,correct_block|false_allow|false_block|missed_revalidation|needs_more_evidence|safe_allow
backfill_batch_018,51,review-backfill-320b783f65f3f974adb1f32c,1757,P1,real-shadow-event-fc03b708cd4cd6883adbadc6,2026-06-08T09:34:52+00:00,internal_shadow,masked,shadow,resolve_seller_comparability_before_materialization,high,immediate,active_issue,severe,blocked_policy_changed,request_revalidation,new_decision_required,blocked_policy_changed|real_shadow_empirical_workflow_observed,resolve_seller_comparability_before_materialization,0e38cba4babc81cf8ba7990b,independent_human_review_missing|independent_review_stratum_below_level4:action_type=resolve_seller_comparability_before_materialization|high_action_impact|active_issue_likelihood,1,correct_block|false_allow|false_block|missed_revalidation|needs_more_evidence|safe_allow
backfill_batch_018,52,review-backfill-c817e2ff3c4a67fe440d243b,1758,P1,real-shadow-event-fc550ec4b694f892d0d9986c,2026-05-15T15:00:51+00:00,internal_shadow,masked,shadow,recheck_identity_and_source_before_materialization,high,immediate,active_issue,severe,blocked_identity_changed,block_action,new_decision_required,blocked_identity_changed|real_shadow_empirical_workflow_observed,recheck_identity_and_source_before_materialization,0c75a7a65d1c666ab00dc104,independent_human_review_missing|independent_review_stratum_below_level4:action_type=recheck_identity_and_source_before_materialization|high_action_impact|active_issue_likelihood,1,correct_block|false_allow|false_block|missed_revalidation|needs_more_evidence|safe_allow
backfill_batch_018,53,review-backfill-f737179b4ea82a07515d54b2,1759,P1,real-shadow-event-fc64125caddb586a40d05ac6,2026-06-08T09:34:52+00:00,internal_shadow,masked,shadow,resolve_seller_comparability_before_materialization,high,immediate,active_issue,severe,blocked_policy_changed,request_revalidation,new_decision_required,blocked_policy_changed|real_shadow_empirical_workflow_observed,resolve_seller_comparability_before_materialization,5b8c08f26fc7e028145087d8,independent_human_review_missing|independent_review_stratum_below_level4:action_type=resolve_seller_comparability_before_materialization|high_action_impact|active_issue_likelihood,1,correct_block|false_allow|false_block|missed_revalidation|needs_more_evidence|safe_allow
backfill_batch_018,54,review-backfill-da452271800fd2fcbb18c670,1760,P1,real-shadow-event-fc9cf68e9fd33226a124d634,2026-06-08T09:34:52+00:00,internal_shadow,masked,shadow,confirm_visual_price_before_update,high,immediate,active_issue,severe,revalidation_required,request_revalidation,lease_renewal_required,revalidation_required|real_shadow_empirical_workflow_observed,confirm_visual_price_before_update,345cee1ed78cf60c76a4c899,independent_human_review_missing|independent_review_stratum_below_level4:action_type=confirm_visual_price_before_update|high_action_impact|active_issue_likelihood,1,correct_block|false_allow|false_block|missed_revalidation|needs_more_evidence|safe_allow
backfill_batch_018,55,review-backfill-9688c6fe504c8c9920d459e1,1761,P1,real-shadow-event-fcaee5ccbf96a1409dd72549,2026-05-15T11:03:47+00:00,internal_shadow,masked,shadow,resolve_seller_comparability_before_materialization,high,immediate,active_issue,severe,blocked_policy_changed,request_revalidation,new_decision_required,blocked_policy_changed|real_shadow_empirical_workflow_observed,resolve_seller_comparability_before_materialization,6de60cce52836f29f1b9289e,independent_human_review_missing|independent_review_stratum_below_level4:action_type=resolve_seller_comparability_before_materialization|high_action_impact|active_issue_likelihood,1,correct_block|false_allow|false_block|missed_revalidation|needs_more_evidence|safe_allow
backfill_batch_018,56,review-backfill-9bcc0b30b579fe1eded8a278,1762,P1,real-shadow-event-fceacdee6701c292effb4892,2026-05-15T15:00:51+00:00,internal_shadow,masked,shadow,recheck_identity_and_source_before_materialization,high,immediate,active_issue,severe,blocked_identity_changed,block_action,new_decision_required,blocked_identity_changed|real_shadow_empirical_workflow_observed,recheck_identity_and_source_before_materialization,cf0bc3ee18c4c2559bae3b9c,independent_human_review_missing|independent_review_stratum_below_level4:action_type=recheck_identity_and_source_before_materialization|high_action_impact|active_issue_likelihood,1,correct_block|false_allow|false_block|missed_revalidation|needs_more_evidence|safe_allow
backfill_batch_018,57,review-backfill-101f8fcb8b692f2f528eca40,1763,P1,real-shadow-event-fcedcb23572983002834e10e,2026-06-08T09:34:52+00:00,internal_shadow,masked,shadow,recheck_identity_and_source_before_materialization,high,immediate,active_issue,severe,blocked_identity_changed,block_action,new_decision_required,blocked_identity_changed|real_shadow_empirical_workflow_observed,recheck_identity_and_source_before_materialization,8ecaaab9891d1b0958f42e63,independent_human_review_missing|independent_review_stratum_below_level4:action_type=recheck_identity_and_source_before_materialization|high_action_impact|active_issue_likelihood,1,correct_block|false_allow|false_block|missed_revalidation|needs_more_evidence|safe_allow
backfill_batch_018,58,review-backfill-7d347d6c692c916ff3dc5cfe,1764,P1,real-shadow-event-fd08173a3b2cb6821aec0f8b,2026-05-15T15:00:51+00:00,internal_shadow,masked,shadow,recheck_identity_and_source_before_materialization,high,immediate,active_issue,severe,blocked_identity_changed,block_action,new_decision_required,blocked_identity_changed|real_shadow_empirical_workflow_observed,recheck_identity_and_source_before_materialization,c5f06fbfc9d4baeb8f809184,independent_human_review_missing|independent_review_stratum_below_level4:action_type=recheck_identity_and_source_before_materialization|high_action_impact|active_issue_likelihood,1,correct_block|false_allow|false_block|missed_revalidation|needs_more_evidence|safe_allow
backfill_batch_018,59,review-backfill-65c68bdff2af3a5aab080d15,1765,P1,real-shadow-event-fd21971777111b3162ea7a5d,2026-05-15T11:03:47+00:00,internal_shadow,masked,shadow,recheck_identity_and_source_before_materialization,high,immediate,active_issue,severe,blocked_identity_changed,block_action,new_decision_required,blocked_identity_changed|real_shadow_empirical_workflow_observed,recheck_identity_and_source_before_materialization,8c8ed1410b2453bce4240cc1,independent_human_review_missing|independent_review_stratum_below_level4:action_type=recheck_identity_and_source_before_materialization|high_action_impact|active_issue_likelihood,1,correct_block|false_allow|false_block|missed_revalidation|needs_more_evidence|safe_allow
backfill_batch_018,60,review-backfill-c4debea89143a1716f3c7d1f,1766,P1,real-shadow-event-fe06248f87c7e69e7bde7d5a,2026-05-15T11:03:47+00:00,internal_shadow,masked,shadow,recheck_identity_and_source_before_materialization,high,immediate,active_issue,severe,blocked_identity_changed,block_action,new_decision_required,blocked_identity_changed|real_shadow_empirical_workflow_observed,recheck_identity_and_source_before_materialization,90d62617477508d111ad2e98,independent_human_review_missing|independent_review_stratum_below_level4:action_type=recheck_identity_and_source_before_materialization|high_action_impact|active_issue_likelihood,1,correct_block|false_allow|false_block|missed_revalidation|needs_more_evidence|safe_allow
backfill_batch_018,61,review-backfill-9df59708462d2eae1d61ab2d,1767,P1,real-shadow-event-fe7636e39e06ec5da7de3ca5,2026-05-15T11:03:47+00:00,internal_shadow,masked,shadow,recheck_identity_and_source_before_materialization,high,immediate,active_issue,severe,blocked_identity_changed,block_action,new_decision_required,blocked_identity_changed|real_shadow_empirical_workflow_observed,recheck_identity_and_source_before_materialization,a41d95b2549bf4d8d0dc7de6,independent_human_review_missing|independent_review_stratum_below_level4:action_type=recheck_identity_and_source_before_materialization|high_action_impact|active_issue_likelihood,1,correct_block|false_allow|false_block|missed_revalidation|needs_more_evidence|safe_allow
backfill_batch_018,62,review-backfill-721934b832a1d2c389e2f571,1768,P1,real-shadow-event-fed66e2c93c72f690f6c1cf0,2026-05-15T15:00:51+00:00,internal_shadow,masked,shadow,resolve_seller_comparability_before_materialization,high,immediate,active_issue,severe,blocked_policy_changed,request_revalidation,new_decision_required,blocked_policy_changed|real_shadow_empirical_workflow_observed,resolve_seller_comparability_before_materialization,51b4b958f6903fff858109a7,independent_human_review_missing|independent_review_stratum_below_level4:action_type=resolve_seller_comparability_before_materialization|high_action_impact|active_issue_likelihood,1,correct_block|false_allow|false_block|missed_revalidation|needs_more_evidence|safe_allow
backfill_batch_018,63,review-backfill-d5c8cf6b62a2798c4799d39a,1769,P1,real-shadow-event-fee6f5f39302f30f4c5b486d,2026-05-15T11:03:47+00:00,internal_shadow,masked,shadow,recheck_identity_and_source_before_materialization,high,immediate,active_issue,severe,blocked_identity_changed,block_action,new_decision_required,blocked_identity_changed|real_shadow_empirical_workflow_observed,recheck_identity_and_source_before_materialization,80c4d82835ef218e663dca62,independent_human_review_missing|independent_review_stratum_below_level4:action_type=recheck_identity_and_source_before_materialization|high_action_impact|active_issue_likelihood,1,correct_block|false_allow|false_block|missed_revalidation|needs_more_evidence|safe_allow
backfill_batch_018,64,review-backfill-13adf527d5ea6e9cdf3ba668,1770,P1,real-shadow-event-feef5f992e7ebf286a67074d,2026-05-15T15:00:51+00:00,internal_shadow,masked,shadow,resolve_seller_comparability_before_materialization,high,immediate,active_issue,severe,blocked_policy_changed,request_revalidation,new_decision_required,blocked_policy_changed|real_shadow_empirical_workflow_observed,resolve_seller_comparability_before_materialization,462796d6875ed84256b401bf,independent_human_review_missing|independent_review_stratum_below_level4:action_type=resolve_seller_comparability_before_materialization|high_action_impact|active_issue_likelihood,1,correct_block|false_allow|false_block|missed_revalidation|needs_more_evidence|safe_allow
backfill_batch_018,65,review-backfill-0661e54459dd69c86812872e,1771,P1,real-shadow-event-ff20d682a1c5887dec9c6f76,2026-06-08T09:34:52+00:00,internal_shadow,masked,shadow,recheck_identity_and_source_before_materialization,high,immediate,active_issue,severe,blocked_identity_changed,block_action,new_decision_required,blocked_identity_changed|real_shadow_empirical_workflow_observed,recheck_identity_and_source_before_materialization,b0d7fe9c7c62c1b57b06e8aa,independent_human_review_missing|independent_review_stratum_below_level4:action_type=recheck_identity_and_source_before_materialization|high_action_impact|active_issue_likelihood,1,correct_block|false_allow|false_block|missed_revalidation|needs_more_evidence|safe_allow
backfill_batch_018,66,review-backfill-5570d42ad9c192c92b1fcb66,1772,P1,real-shadow-event-ff2a0df43237f060034ab1ce,2026-05-15T11:03:47+00:00,internal_shadow,masked,shadow,resolve_seller_comparability_before_materialization,high,immediate,active_issue,severe,blocked_policy_changed,request_revalidation,new_decision_required,blocked_policy_changed|real_shadow_empirical_workflow_observed,resolve_seller_comparability_before_materialization,c93c02b94c831d9c1057b9ec,independent_human_review_missing|independent_review_stratum_below_level4:action_type=resolve_seller_comparability_before_materialization|high_action_impact|active_issue_likelihood,1,correct_block|false_allow|false_block|missed_revalidation|needs_more_evidence|safe_allow
backfill_batch_018,67,review-backfill-34d6556904ce71b83a3cb440,1773,P1,real-shadow-event-ff935242a12a534e2e3e5aa6,2026-05-15T11:03:47+00:00,internal_shadow,masked,shadow,recheck_identity_and_source_before_materialization,high,immediate,active_issue,severe,blocked_identity_changed,block_action,new_decision_required,blocked_identity_changed|real_shadow_empirical_workflow_observed,recheck_identity_and_source_before_materialization,ab58533dc0fd732548f6a33c,independent_human_review_missing|independent_review_stratum_below_level4:action_type=recheck_identity_and_source_before_materialization|high_action_impact|active_issue_likelihood,1,correct_block|false_allow|false_block|missed_revalidation|needs_more_evidence|safe_allow
backfill_batch_018,68,review-backfill-2227beef40abf5e30923ce09,1774,P1,real-shadow-event-ffb34e810283afbca6abe6a6,2026-05-15T15:00:51+00:00,internal_shadow,masked,shadow,resolve_seller_comparability_before_materialization,high,immediate,active_issue,severe,blocked_policy_changed,request_revalidation,new_decision_required,blocked_policy_changed|real_shadow_empirical_workflow_observed,resolve_seller_comparability_before_materialization,5bf66032211424b57060b26b,independent_human_review_missing|independent_review_stratum_below_level4:action_type=resolve_seller_comparability_before_materialization|high_action_impact|active_issue_likelihood,1,correct_block|false_allow|false_block|missed_revalidation|needs_more_evidence|safe_allow
backfill_batch_018,69,review-backfill-b203f35bd24a4ac0e4d2ae98,1775,P1,real-shadow-event-0497c6ba2e7df01e94653c07,2026-07-10T05:45:08.562393+00:00,internal_shadow,masked,shadow,complete_visual_review_before_mutation,high,immediate,possible,material,action_authorized,execute_dry_run,none,action_authorized|real_shadow_empirical_workflow_observed,,ca8397ae8f21d45d5a5a63b1,independent_human_review_missing|independent_review_stratum_below_level4:likelihood_band=possible|independent_review_stratum_below_level4:exposure_band=material|high_action_impact,1,correct_block|false_allow|false_block|missed_revalidation|needs_more_evidence|safe_allow
backfill_batch_018,70,review-backfill-c5e8ab171f3ada01015c2115,1776,P1,real-shadow-event-061218238026d30ea2a12663,2026-07-10T05:45:08.657694+00:00,internal_shadow,masked,shadow,complete_visual_review_before_mutation,high,immediate,possible,material,action_authorized,execute_dry_run,none,action_authorized|real_shadow_empirical_workflow_observed,,0e3c4d570e39ead9a92616a0,independent_human_review_missing|independent_review_stratum_below_level4:likelihood_band=possible|independent_review_stratum_below_level4:exposure_band=material|high_action_impact,1,correct_block|false_allow|false_block|missed_revalidation|needs_more_evidence|safe_allow
backfill_batch_018,71,review-backfill-52b63908e615e7e8ddfabb74,1777,P1,real-shadow-event-0666fa0d66184a05fd432464,2026-07-10T05:45:08.620550+00:00,internal_shadow,masked,shadow,complete_visual_review_before_mutation,high,immediate,possible,material,action_authorized,execute_dry_run,none,action_authorized|real_shadow_empirical_workflow_observed,,f433cde45854484833bdbe37,independent_human_review_missing|independent_review_stratum_below_level4:likelihood_band=possible|independent_review_stratum_below_level4:exposure_band=material|high_action_impact,1,correct_block|false_allow|false_block|missed_revalidation|needs_more_evidence|safe_allow
backfill_batch_018,72,review-backfill-c9116723b360a86293661ca3,1778,P1,real-shadow-event-09da8f2d2413ce8512d52915,2026-07-10T05:45:08.576854+00:00,internal_shadow,masked,shadow,complete_visual_review_before_mutation,high,immediate,possible,material,action_authorized,execute_dry_run,none,action_authorized|real_shadow_empirical_workflow_observed,,4b46cc63c09c5f80bbdd9f5a,independent_human_review_missing|independent_review_stratum_below_level4:likelihood_band=possible|independent_review_stratum_below_level4:exposure_band=material|high_action_impact,1,correct_block|false_allow|false_block|missed_revalidation|needs_more_evidence|safe_allow
backfill_batch_018,73,review-backfill-3dd0291795d9e9817ec943b3,1779,P1,real-shadow-event-0a4af824749ddf2f9c490f41,2026-07-10T05:45:08.610078+00:00,internal_shadow,masked,shadow,complete_visual_review_before_mutation,high,immediate,possible,material,action_authorized,execute_dry_run,none,action_authorized|real_shadow_empirical_workflow_observed,,9caa3e4186f3c811653a2e64,independent_human_review_missing|independent_review_stratum_below_level4:likelihood_band=possible|independent_review_stratum_below_level4:exposure_band=material|high_action_impact,1,correct_block|false_allow|false_block|missed_revalidation|needs_more_evidence|safe_allow
backfill_batch_018,74,review-backfill-0d53728eecda530d4f15bfe2,1780,P1,real-shadow-event-0bf383c37fbdf1176b43102e,2026-07-10T05:45:08.599558+00:00,internal_shadow,masked,shadow,complete_visual_review_before_mutation,high,immediate,possible,material,action_authorized,execute_dry_run,none,action_authorized|real_shadow_empirical_workflow_observed,,08107c19b2616d031ff5e279,independent_human_review_missing|independent_review_stratum_below_level4:likelihood_band=possible|independent_review_stratum_below_level4:exposure_band=material|high_action_impact,1,correct_block|false_allow|false_block|missed_revalidation|needs_more_evidence|safe_allow
backfill_batch_018,75,review-backfill-8bda1385be55ea94fd20a8d2,1781,P1,real-shadow-event-10527ce6ece099000bb3c706,2026-07-10T05:45:08.615210+00:00,internal_shadow,masked,shadow,complete_visual_review_before_mutation,high,immediate,possible,material,action_authorized,execute_dry_run,none,action_authorized|real_shadow_empirical_workflow_observed,,be07944305e7b1dcfde17b8c,independent_human_review_missing|independent_review_stratum_below_level4:likelihood_band=possible|independent_review_stratum_below_level4:exposure_band=material|high_action_impact,1,correct_block|false_allow|false_block|missed_revalidation|needs_more_evidence|safe_allow
backfill_batch_018,76,review-backfill-be1a40904ae7f425188fda27,1782,P1,real-shadow-event-1056a8b43630670cd7312806,2026-07-10T05:45:08.590802+00:00,internal_shadow,masked,shadow,complete_visual_review_before_mutation,high,immediate,possible,material,action_authorized,execute_dry_run,none,action_authorized|real_shadow_empirical_workflow_observed,,047851cec82c609174396441,independent_human_review_missing|independent_review_stratum_below_level4:likelihood_band=possible|independent_review_stratum_below_level4:exposure_band=material|high_action_impact,1,correct_block|false_allow|false_block|missed_revalidation|needs_more_evidence|safe_allow
backfill_batch_018,77,review-backfill-dea4339c7e38ff5cd29690e6,1783,P1,real-shadow-event-1262a407ed8fb77b1491cba4,2026-07-10T05:45:08.595007+00:00,internal_shadow,masked,shadow,complete_visual_review_before_mutation,high,immediate,possible,material,action_authorized,execute_dry_run,none,action_authorized|real_shadow_empirical_workflow_observed,,5da2d0ad94e46a5cfcc4b475,independent_human_review_missing|independent_review_stratum_below_level4:likelihood_band=possible|independent_review_stratum_below_level4:exposure_band=material|high_action_impact,1,correct_block|false_allow|false_block|missed_revalidation|needs_more_evidence|safe_allow
backfill_batch_018,78,review-backfill-9e3b06c4351be9603aa7e76a,1784,P1,real-shadow-event-1302f6ccb84c2c5acebe33e9,2026-07-10T05:45:08.577953+00:00,internal_shadow,masked,shadow,complete_visual_review_before_mutation,high,immediate,possible,material,action_authorized,execute_dry_run,none,action_authorized|real_shadow_empirical_workflow_observed,,93c8fb72889b5809d96f9f68,independent_human_review_missing|independent_review_stratum_below_level4:likelihood_band=possible|independent_review_stratum_below_level4:exposure_band=material|high_action_impact,1,correct_block|false_allow|false_block|missed_revalidation|needs_more_evidence|safe_allow
backfill_batch_018,79,review-backfill-2372bcfa304d1c0f3feba178,1785,P1,real-shadow-event-149e87598314a3316e45562b,2026-07-10T05:45:08.599871+00:00,internal_shadow,masked,shadow,complete_visual_review_before_mutation,high,immediate,possible,material,action_authorized,execute_dry_run,none,action_authorized|real_shadow_empirical_workflow_observed,,08107c19b2616d031ff5e279,independent_human_review_missing|independent_review_stratum_below_level4:likelihood_band=possible|independent_review_stratum_below_level4:exposure_band=material|high_action_impact,1,correct_block|false_allow|false_block|missed_revalidation|needs_more_evidence|safe_allow
backfill_batch_018,80,review-backfill-649494d01cd16e19c7b80138,1786,P1,real-shadow-event-15b86dbef9b4d0e8a547225e,2026-07-10T05:45:08.595236+00:00,internal_shadow,masked,shadow,complete_visual_review_before_mutation,high,immediate,possible,material,action_authorized,execute_dry_run,none,action_authorized|real_shadow_empirical_workflow_observed,,2b802062a5b0c64c7f94c675,independent_human_review_missing|independent_review_stratum_below_level4:likelihood_band=possible|independent_review_stratum_below_level4:exposure_band=material|high_action_impact,1,correct_block|false_allow|false_block|missed_revalidation|needs_more_evidence|safe_allow
backfill_batch_018,81,review-backfill-336dbcc38d34d1011fa30f06,1787,P1,real-shadow-event-1c4a8ebe74bd9bcfa96690f6,2026-07-10T05:45:08.614350+00:00,internal_shadow,masked,shadow,complete_visual_review_before_mutation,high,immediate,possible,material,action_authorized,execute_dry_run,none,action_authorized|real_shadow_empirical_workflow_observed,,c8f64d9fbcc2c32bf11a011e,independent_human_review_missing|independent_review_stratum_below_level4:likelihood_band=possible|independent_review_stratum_below_level4:exposure_band=material|high_action_impact,1,correct_block|false_allow|false_block|missed_revalidation|needs_more_evidence|safe_allow
backfill_batch_018,82,review-backfill-c249d246500e38ebb48d0891,1788,P1,real-shadow-event-1d2abc4e88482c0770793200,2026-07-10T05:45:08.564421+00:00,internal_shadow,masked,shadow,complete_visual_review_before_mutation,high,immediate,possible,material,action_authorized,execute_dry_run,none,action_authorized|real_shadow_empirical_workflow_observed,,36a500ab9f5c59a48b33004e,independent_human_review_missing|independent_review_stratum_below_level4:likelihood_band=possible|independent_review_stratum_below_level4:exposure_band=material|high_action_impact,1,correct_block|false_allow|false_block|missed_revalidation|needs_more_evidence|safe_allow
backfill_batch_018,83,review-backfill-f1429d1cc05dec7a2a975220,1789,P1,real-shadow-event-202bde8840b7d6ccca1dd4c7,2026-07-10T05:45:08.591691+00:00,internal_shadow,masked,shadow,complete_visual_review_before_mutation,high,immediate,possible,material,action_authorized,execute_dry_run,none,action_authorized|real_shadow_empirical_workflow_observed,,adaa53696b564dc237a61827,independent_human_review_missing|independent_review_stratum_below_level4:likelihood_band=possible|independent_review_stratum_below_level4:exposure_band=material|high_action_impact,1,correct_block|false_allow|false_block|missed_revalidation|needs_more_evidence|safe_allow
backfill_batch_018,84,review-backfill-3bbcdf8e4ca06c7b43f65f08,1790,P1,real-shadow-event-21d0377fad01a0b2331b5a37,2026-07-10T05:45:08.579669+00:00,internal_shadow,masked,shadow,complete_visual_review_before_mutation,high,immediate,possible,material,action_authorized,execute_dry_run,none,action_authorized|real_shadow_empirical_workflow_observed,,c16c971df113f3c35ba744f9,independent_human_review_missing|independent_review_stratum_below_level4:likelihood_band=possible|independent_review_stratum_below_level4:exposure_band=material|high_action_impact,1,correct_block|false_allow|false_block|missed_revalidation|needs_more_evidence|safe_allow
backfill_batch_018,85,review-backfill-82d5b04cde253d22a696102d,1791,P1,real-shadow-event-234f87aedd20561fe052ced0,2026-07-10T05:45:08.563357+00:00,internal_shadow,masked,shadow,complete_visual_review_before_mutation,high,immediate,possible,material,action_authorized,execute_dry_run,none,action_authorized|real_shadow_empirical_workflow_observed,,7e1e326a8f0ebccfba7b8dbe,independent_human_review_missing|independent_review_stratum_below_level4:likelihood_band=possible|independent_review_stratum_below_level4:exposure_band=material|high_action_impact,1,correct_block|false_allow|false_block|missed_revalidation|needs_more_evidence|safe_allow
backfill_batch_018,86,review-backfill-622af6375fbb4bdf512e6064,1792,P1,real-shadow-event-24fee6e53f17390d776ed62b,2026-07-10T05:45:08.594909+00:00,internal_shadow,masked,shadow,complete_visual_review_before_mutation,high,immediate,possible,material,action_authorized,execute_dry_run,none,action_authorized|real_shadow_empirical_workflow_observed,,d194c2ca8f29d7583c84011c,independent_human_review_missing|independent_review_stratum_below_level4:likelihood_band=possible|independent_review_stratum_below_level4:exposure_band=material|high_action_impact,1,correct_block|false_allow|false_block|missed_revalidation|needs_more_evidence|safe_allow
backfill_batch_018,87,review-backfill-d7690b50d15d1831955c4f35,1793,P1,real-shadow-event-289012304e055780afb08f42,2026-07-10T05:45:08.611277+00:00,internal_shadow,masked,shadow,complete_visual_review_before_mutation,high,immediate,possible,material,action_authorized,execute_dry_run,none,action_authorized|real_shadow_empirical_workflow_observed,,9caa3e4186f3c811653a2e64,independent_human_review_missing|independent_review_stratum_below_level4:likelihood_band=possible|independent_review_stratum_below_level4:exposure_band=material|high_action_impact,1,correct_block|false_allow|false_block|missed_revalidation|needs_more_evidence|safe_allow
backfill_batch_018,88,review-backfill-37c7dc8b1b4fa900dca14739,1794,P1,real-shadow-event-29fb9e845ee90ecdbd698312,2026-07-10T05:45:08.559343+00:00,internal_shadow,masked,shadow,complete_visual_review_before_mutation,high,immediate,possible,material,action_authorized,execute_dry_run,none,action_authorized|real_shadow_empirical_workflow_observed,,ba60db7b5837c05aa3925d8a,independent_human_review_missing|independent_review_stratum_below_level4:likelihood_band=possible|independent_review_stratum_below_level4:exposure_band=material|high_action_impact,1,correct_block|false_allow|false_block|missed_revalidation|needs_more_evidence|safe_allow
backfill_batch_018,89,review-backfill-2c1ac0ff23ece51411d007cc,1795,P1,real-shadow-event-2e0c8286bcb260e2ec4c2a90,2026-07-10T05:45:08.559800+00:00,internal_shadow,masked,shadow,complete_visual_review_before_mutation,high,immediate,possible,material,action_authorized,execute_dry_run,none,action_authorized|real_shadow_empirical_workflow_observed,,332573be04a2e94e8b0542fe,independent_human_review_missing|independent_review_stratum_below_level4:likelihood_band=possible|independent_review_stratum_below_level4:exposure_band=material|high_action_impact,1,correct_block|false_allow|false_block|missed_revalidation|needs_more_evidence|safe_allow
backfill_batch_018,90,review-backfill-a0421d7d13c972a73609398d,1796,P1,real-shadow-event-2f465f646cf46073f7b51a82,2026-07-10T05:45:08.603118+00:00,internal_shadow,masked,shadow,complete_visual_review_before_mutation,high,immediate,possible,material,action_authorized,execute_dry_run,none,action_authorized|real_shadow_empirical_workflow_observed,,e2c08b3c9252756f273584a5,independent_human_review_missing|independent_review_stratum_below_level4:likelihood_band=possible|independent_review_stratum_below_level4:exposure_band=material|high_action_impact,1,correct_block|false_allow|false_block|missed_revalidation|needs_more_evidence|safe_allow
backfill_batch_018,91,review-backfill-8e53b8c7bcea778f2de38b51,1797,P1,real-shadow-event-2fa18ec1148cf8266956dc3c,2026-07-10T05:45:08.598068+00:00,internal_shadow,masked,shadow,complete_visual_review_before_mutation,high,immediate,possible,material,action_authorized,execute_dry_run,none,action_authorized|real_shadow_empirical_workflow_observed,,f441be2323c9e228efeb0a61,independent_human_review_missing|independent_review_stratum_below_level4:likelihood_band=possible|independent_review_stratum_below_level4:exposure_band=material|high_action_impact,1,correct_block|false_allow|false_block|missed_revalidation|needs_more_evidence|safe_allow
backfill_batch_018,92,review-backfill-11b068bc3972a2d2c2256cca,1798,P1,real-shadow-event-350db6088197240761d84ec9,2026-07-10T05:45:08.602470+00:00,internal_shadow,masked,shadow,complete_visual_review_before_mutation,high,immediate,possible,material,action_authorized,execute_dry_run,none,action_authorized|real_shadow_empirical_workflow_observed,,b9efc04b0df704e7c7ded22c,independent_human_review_missing|independent_review_stratum_below_level4:likelihood_band=possible|independent_review_stratum_below_level4:exposure_band=material|high_action_impact,1,correct_block|false_allow|false_block|missed_revalidation|needs_more_evidence|safe_allow
backfill_batch_018,93,review-backfill-9ec9587f30c394cd0c3ed0ab,1799,P1,real-shadow-event-35657e80398cc1dd847de6a7,2026-07-10T05:45:08.627728+00:00,internal_shadow,masked,shadow,complete_visual_review_before_mutation,high,immediate,possible,material,action_authorized,execute_dry_run,none,action_authorized|real_shadow_empirical_workflow_observed,,8b4a1995ae1e7d40377249f6,independent_human_review_missing|independent_review_stratum_below_level4:likelihood_band=possible|independent_review_stratum_below_level4:exposure_band=material|high_action_impact,1,correct_block|false_allow|false_block|missed_revalidation|needs_more_evidence|safe_allow
backfill_batch_018,94,review-backfill-680af161c3dc0f8fc15e5094,1800,P1,real-shadow-event-3610240534e183343941fcc4,2026-07-10T05:45:08.577987+00:00,internal_shadow,masked,shadow,complete_visual_review_before_mutation,high,immediate,possible,material,action_authorized,execute_dry_run,none,action_authorized|real_shadow_empirical_workflow_observed,,0d7df4f941c86a3cbdabebe4,independent_human_review_missing|independent_review_stratum_below_level4:likelihood_band=possible|independent_review_stratum_below_level4:exposure_band=material|high_action_impact,1,correct_block|false_allow|false_block|missed_revalidation|needs_more_evidence|safe_allow
backfill_batch_018,95,review-backfill-68f98cfe1212a721aa908479,1801,P1,real-shadow-event-3a161d01dd0779d0cd1b3031,2026-07-10T05:45:08.578612+00:00,internal_shadow,masked,shadow,complete_visual_review_before_mutation,high,immediate,possible,material,action_authorized,execute_dry_run,none,action_authorized|real_shadow_empirical_workflow_observed,,4a7aabfd1133fadf5099a068,independent_human_review_missing|independent_review_stratum_below_level4:likelihood_band=possible|independent_review_stratum_below_level4:exposure_band=material|high_action_impact,1,correct_block|false_allow|false_block|missed_revalidation|needs_more_evidence|safe_allow
backfill_batch_018,96,review-backfill-37df781dbf02799de9737a86,1802,P1,real-shadow-event-3b2e0b08f24796dcfe9f25f9,2026-07-10T05:45:08.606107+00:00,internal_shadow,masked,shadow,complete_visual_review_before_mutation,high,immediate,possible,material,action_authorized,execute_dry_run,none,action_authorized|real_shadow_empirical_workflow_observed,,651567bb61832586856040ff,independent_human_review_missing|independent_review_stratum_below_level4:likelihood_band=possible|independent_review_stratum_below_level4:exposure_band=material|high_action_impact,1,correct_block|false_allow|false_block|missed_revalidation|needs_more_evidence|safe_allow
backfill_batch_018,97,review-backfill-8e55e6d1df9a07538a22b710,1803,P1,real-shadow-event-3b747699df25b1ae2df20d3d,2026-07-10T05:45:08.561723+00:00,internal_shadow,masked,shadow,complete_visual_review_before_mutation,high,immediate,possible,material,action_authorized,execute_dry_run,none,action_authorized|real_shadow_empirical_workflow_observed,,332573be04a2e94e8b0542fe,independent_human_review_missing|independent_review_stratum_below_level4:likelihood_band=possible|independent_review_stratum_below_level4:exposure_band=material|high_action_impact,1,correct_block|false_allow|false_block|missed_revalidation|needs_more_evidence|safe_allow
backfill_batch_018,98,review-backfill-ba65020ef27013afb39fa920,1804,P1,real-shadow-event-3ec3c3516f206b6d154875d4,2026-07-10T05:45:08.595508+00:00,internal_shadow,masked,shadow,complete_visual_review_before_mutation,high,immediate,possible,material,action_authorized,execute_dry_run,none,action_authorized|real_shadow_empirical_workflow_observed,,4620322436f5f1b10d2145af,independent_human_review_missing|independent_review_stratum_below_level4:likelihood_band=possible|independent_review_stratum_below_level4:exposure_band=material|high_action_impact,1,correct_block|false_allow|false_block|missed_revalidation|needs_more_evidence|safe_allow
backfill_batch_018,99,review-backfill-190693a316a282dfa11a702a,1805,P1,real-shadow-event-3fdad0155484f3b102259668,2026-07-10T05:45:08.591776+00:00,internal_shadow,masked,shadow,complete_visual_review_before_mutation,high,immediate,possible,material,action_authorized,execute_dry_run,none,action_authorized|real_shadow_empirical_workflow_observed,,3826e59f1436433f1827126d,independent_human_review_missing|independent_review_stratum_below_level4:likelihood_band=possible|independent_review_stratum_below_level4:exposure_band=material|high_action_impact,1,correct_block|false_allow|false_block|missed_revalidation|needs_more_evidence|safe_allow
backfill_batch_018,100,review-backfill-651c34af517f86ede788d810,1806,P1,real-shadow-event-41e6624e0821f7d6b1895273,2026-07-10T05:45:08.583729+00:00,internal_shadow,masked,shadow,complete_visual_review_before_mutation,high,immediate,possible,material,action_authorized,execute_dry_run,none,action_authorized|real_shadow_empirical_workflow_observed,,5393fdf6095007836839a74b,independent_human_review_missing|independent_review_stratum_below_level4:likelihood_band=possible|independent_review_stratum_below_level4:exposure_band=material|high_action_impact,1,correct_block|false_allow|false_block|missed_revalidation|needs_more_evidence|safe_allow
