model_id,case_id
cohere:command-a-reasoning-08-2025,cbe1000-0881
cohere:command-a-reasoning-08-2025,cbe1000-0882
cohere:command-a-reasoning-08-2025,cbe1000-0993
cohere:command-a-reasoning-08-2025,cbe1000-0994
cohere:command-a-reasoning-08-2025,cbe1000-0995
cohere:command-a-reasoning-08-2025,cbe1000-0996
cohere:command-a-reasoning-08-2025,cbe1000-0997
cohere:command-a-reasoning-08-2025,cbe1000-0998
cohere:command-a-reasoning-08-2025,cbe1000-0999
cohere:command-a-reasoning-08-2025,cbe1000-1000
