primary_unit_id,primary_unit_type,queue_id,event_id,subject_cluster_hash,workflow_family,reviewed_outcome,dedup_role,claim_boundary
action_attempt_event-00659f10580dc228,action_attempt_event,review-backfill-d2dc8ccd86d4d804d978365c,real-shadow-event-36173b1b67b71696f7a6aaeb,5c0a9208c987d0ae8563f69c,resolve_official_truth_identity_guard,correct_block,unique_subject_member,Frozen P0 descriptive unit only; not a population unit.
action_attempt_event-89f586c648243760,action_attempt_event,review-backfill-1bde575de4c014c1663d215b,real-shadow-event-c5f2c592f4428ba628f1c273,a0a7af18142a319c99b23dc2,resolve_official_truth_identity_guard,correct_block,unique_subject_member,Frozen P0 descriptive unit only; not a population unit.
action_attempt_event-73e43c3ac1cb510f,action_attempt_event,review-backfill-4966fd974cfa2c414760e486,real-shadow-event-c83394f7ed37be4ff26c292b,0223899b94c38251463fdca4,resolve_official_truth_identity_guard,correct_block,unique_subject_member,Frozen P0 descriptive unit only; not a population unit.
action_attempt_event-f9f3d53f4ac36bd9,action_attempt_event,review-backfill-52710db9025152e1a6598c9f,real-shadow-event-dd80c58e0274747024c6be77,7a687fa7e820f09c3fb77f68,resolve_official_truth_identity_guard,correct_block,unique_subject_member,Frozen P0 descriptive unit only; not a population unit.
action_attempt_event-89a2eaa4d4b787df,action_attempt_event,review-backfill-18c6fc1849785806e3ede7de,real-shadow-event-01079a5596873594f07d5037,0589f8026842fd9495afe346,manual_review_before_materialization,false_block,unique_subject_member,Frozen P0 descriptive unit only; not a population unit.
action_attempt_event-1c1c944b3713aa98,action_attempt_event,review-backfill-2e345b09f8729b30771fca04,real-shadow-event-03e5a52aac3ab1188db598d7,a316b255c4cabbbb244d8ac9,recheck_primary_offer_availability,correct_block,unique_subject_member,Frozen P0 descriptive unit only; not a population unit.
action_attempt_event-21e1d3237af8c8d9,action_attempt_event,review-backfill-cc53d28a1d7503ccba1857a7,real-shadow-event-0410c29ea02b5ab341846bf2,d6d368207c101932e63731cb,recheck_primary_offer_availability,correct_block,unique_subject_member,Frozen P0 descriptive unit only; not a population unit.
action_attempt_event-a53a174ec4321bfe,action_attempt_event,review-backfill-d5583f018eb8c7bb268ecfb8,real-shadow-event-0453126684bdbeb98a0316ff,01228dbcaa0559481c07fb89,manual_review_before_materialization,needs_more_evidence,unique_subject_member,Frozen P0 descriptive unit only; not a population unit.
action_attempt_event-ac5ab9efa32e30cb,action_attempt_event,review-backfill-ef696dbb850a7681882d30c8,real-shadow-event-046feb793f1b674b22946c7b,e9c2078447e78a8fb8f762c7,manual_review_before_materialization,false_block,unique_subject_member,Frozen P0 descriptive unit only; not a population unit.
action_attempt_event-d612aa2a26d80e3d,action_attempt_event,review-backfill-3357a4d2c3ba4b237a5befcc,real-shadow-event-056dce2a1ce0876d5616a716,5d718f3bab33339e8562eec0,recheck_primary_offer_availability,correct_block,unique_subject_member,Frozen P0 descriptive unit only; not a population unit.
action_attempt_event-7892919472bec92a,action_attempt_event,review-backfill-6af4e3db719d3797bf7da40c,real-shadow-event-05c3ab7e5fb1fede67eaaf72,37dc80a1d6dedc6338779c99,manual_review_before_materialization,needs_more_evidence,unique_subject_member,Frozen P0 descriptive unit only; not a population unit.
action_attempt_event-452a94e4d474e1ed,action_attempt_event,review-backfill-e20b060a67572e2b68ea7ae7,real-shadow-event-077c84de690ab843d14ecc87,68f3456f9f47558ae2da1725,manual_review_before_materialization,needs_more_evidence,unique_subject_member,Frozen P0 descriptive unit only; not a population unit.
action_attempt_event-6fe75a754e0d1513,action_attempt_event,review-backfill-317e2e61810caf6124da1c3f,real-shadow-event-0eba1c60000f5f76f4940aa3,6567d9a99839ebd78ea0764d,recheck_primary_offer_availability,false_block,unique_subject_member,Frozen P0 descriptive unit only; not a population unit.
action_attempt_event-80e6b71cb275812f,action_attempt_event,review-backfill-a83d8be7c23334e7c9483b70,real-shadow-event-113ea8da953c9b3626f4f232,5e33bac849aaf8e3af7ab3be,recheck_primary_offer_availability,correct_block,unique_subject_member,Frozen P0 descriptive unit only; not a population unit.
action_attempt_event-ac53cebe8850c1fd,action_attempt_event,review-backfill-3c42e24629d0d040c862ff2f,real-shadow-event-1259ad423bc4bb06207036ac,2f529b8640237cb1f3eac484,recheck_primary_offer_availability,correct_block,unique_subject_member,Frozen P0 descriptive unit only; not a population unit.
action_attempt_event-3133a9d6c9063c7b,action_attempt_event,review-backfill-6db347fa626f9df173d9be8e,real-shadow-event-186766f3e3689e6f18651060,9074defab2f3b917ba10e72c,manual_review_before_materialization,correct_block,unique_subject_member,Frozen P0 descriptive unit only; not a population unit.
action_attempt_event-ae940c717c856153,action_attempt_event,review-backfill-dc30d2a4709f54b4e51603af,real-shadow-event-1ce9fd5026063a8a45c715d1,3b9039f07d66eaa4d953a604,manual_review_before_materialization,false_block,unique_subject_member,Frozen P0 descriptive unit only; not a population unit.
action_attempt_event-6fcf3694d23fb246,action_attempt_event,review-backfill-d8318ce2282957a34154e8ba,real-shadow-event-1eaa8b7ff97842c0645f4144,c8591091bf61bbbb9cf442c3,recheck_primary_offer_availability,correct_block,unique_subject_member,Frozen P0 descriptive unit only; not a population unit.
action_attempt_event-54f4db9d680cd499,action_attempt_event,review-backfill-3a757cf569976b40a892da0d,real-shadow-event-1f8a64fdcf6fc1fd3efec1cb,6f5f25e5ed28c4d01fae3f43,recheck_primary_offer_availability,correct_block,unique_subject_member,Frozen P0 descriptive unit only; not a population unit.
action_attempt_event-e0d97657a76d201b,action_attempt_event,review-backfill-165b7c652ea8ce972298bdd1,real-shadow-event-20c57dd88d0df39785cc6681,3e6232a2a12dc9cf993f1490,manual_review_before_materialization,needs_more_evidence,unique_subject_member,Frozen P0 descriptive unit only; not a population unit.
action_attempt_event-efbbea537a92b908,action_attempt_event,review-backfill-3c147caec660da0f842f531c,real-shadow-event-212a6fd98e158b12e6e00178,29b17e5229e81367b04d4b99,recheck_primary_offer_availability,correct_block,unique_subject_member,Frozen P0 descriptive unit only; not a population unit.
action_attempt_event-3e1762bc7da52633,action_attempt_event,review-backfill-5eb8948a501e6112bb51a28e,real-shadow-event-2215cd53d4eb98ae30ca9205,308734a655190b15300d46d3,recheck_primary_offer_availability,correct_block,unique_subject_member,Frozen P0 descriptive unit only; not a population unit.
action_attempt_event-019387654cbf178c,action_attempt_event,review-backfill-ccbf50bc03c6b5304a3a9e26,real-shadow-event-230208d11c0ed6b28fd2b321,2ce2a9a91193403da92bd01d,recheck_primary_offer_availability,correct_block,unique_subject_member,Frozen P0 descriptive unit only; not a population unit.
action_attempt_event-f30d303ddadb25df,action_attempt_event,review-backfill-38482839bd65deda931b15b0,real-shadow-event-23688b2eee5a281711c20d33,2d379e616aa94226cf818811,recheck_primary_offer_availability,correct_block,unique_subject_member,Frozen P0 descriptive unit only; not a population unit.
action_attempt_event-fde9276a54a307ab,action_attempt_event,review-backfill-ffbcaecb82db88da3cb53d5c,real-shadow-event-23a69fa71a53b67609d2e983,c085cbef1aba2085950e44c4,manual_review_before_materialization,needs_more_evidence,unique_subject_member,Frozen P0 descriptive unit only; not a population unit.
action_attempt_event-c99eff9365c92942,action_attempt_event,review-backfill-bb439883d459e55411a183b8,real-shadow-event-247cb45a5dd6103bbe90a648,c6b138b838e5514f055f7fc6,recheck_primary_offer_availability,correct_block,unique_subject_member,Frozen P0 descriptive unit only; not a population unit.
action_attempt_event-c57e884d05e40bf3,action_attempt_event,review-backfill-6f436d36828da30ef205a8dd,real-shadow-event-25f7837a99e80a983044b1ce,87f2cd95f643fbc1af3f591d,manual_review_before_materialization,needs_more_evidence,unique_subject_member,Frozen P0 descriptive unit only; not a population unit.
action_attempt_event-5f85a98a65d3c0d6,action_attempt_event,review-backfill-e4a62914d37366d9bdb75046,real-shadow-event-265d61cf579788d81766cf8c,fe07f4658e5144b7a3debfe0,recheck_primary_offer_availability,correct_block,unique_subject_member,Frozen P0 descriptive unit only; not a population unit.
action_attempt_event-d5f868df9e31d6dc,action_attempt_event,review-backfill-626c31d3eaac926c4731726f,real-shadow-event-27ebf8bcff4411a340d192e2,3169482f9333c7b0c310d97c,manual_review_before_materialization,correct_block,unique_subject_member,Frozen P0 descriptive unit only; not a population unit.
action_attempt_event-cf1d44e72e1c16f7,action_attempt_event,review-backfill-4f78c12e3a48aa1613a5e501,real-shadow-event-2aad293b773ff253c46e4e5d,405f339a91fdfc2f885b8819,recheck_primary_offer_availability,correct_block,unique_subject_member,Frozen P0 descriptive unit only; not a population unit.
action_attempt_event-f57c786df670f28e,action_attempt_event,review-backfill-bbee9d0119965e09ce321500,real-shadow-event-2e90661acc743b60a45a7f5a,24b0b8f90dc58d6490de6b5c,manual_review_before_materialization,correct_block,unique_subject_member,Frozen P0 descriptive unit only; not a population unit.
action_attempt_event-d6a644c78813a714,action_attempt_event,review-backfill-74edd9b16e1451552f88024a,real-shadow-event-30e89d7071c59d5650eeea9c,047f4d6d8769fa0f69a8838c,recheck_primary_offer_availability,false_block,unique_subject_member,Frozen P0 descriptive unit only; not a population unit.
action_attempt_event-9ec7b2f9dad0bf61,action_attempt_event,review-backfill-4c5ee85b8fd9c67800293def,real-shadow-event-312705c24163b14c9f23690e,cd58d2dd28b2f0957d42ad82,manual_review_before_materialization,needs_more_evidence,unique_subject_member,Frozen P0 descriptive unit only; not a population unit.
action_attempt_event-813d832d09468f34,action_attempt_event,review-backfill-f1dbff0ddb5ceba02e884999,real-shadow-event-31a3ea53d2be952dcc2b182b,d9aee69ba2534b92e2bae076,recheck_primary_offer_availability,correct_block,unique_subject_member,Frozen P0 descriptive unit only; not a population unit.
action_attempt_event-f57a19eef6208684,action_attempt_event,review-backfill-2d1cc12eca510a1bb1a35630,real-shadow-event-34ed91d59b6512110a831f79,0db3641a95aeacb3b99f88ee,recheck_primary_offer_availability,correct_block,unique_subject_member,Frozen P0 descriptive unit only; not a population unit.
action_attempt_event-1f0026d880d73c5b,action_attempt_event,review-backfill-1ba43b83636340686e80bdf4,real-shadow-event-35f8107fa5463e2825a8225e,6579cd99a314716870767c33,manual_review_before_materialization,correct_block,unique_subject_member,Frozen P0 descriptive unit only; not a population unit.
action_attempt_event-ffea13c42ff12b8d,action_attempt_event,review-backfill-1516c13b305bc64867a774bc,real-shadow-event-3aed48ff27dde1eafaa32baa,6190aff744c45c89f4f16d40,recheck_primary_offer_availability,correct_block,unique_subject_member,Frozen P0 descriptive unit only; not a population unit.
action_attempt_event-a76558c22e14eb37,action_attempt_event,review-backfill-6203f5c6dfcf999a8de7e862,real-shadow-event-3b2f8052b7ec31acf25e5e50,def30eca81769bbcac7803b0,manual_review_before_materialization,correct_block,unique_subject_member,Frozen P0 descriptive unit only; not a population unit.
action_attempt_event-aa533ae62d4f1cb1,action_attempt_event,review-backfill-084db141bfd70a1860618fff,real-shadow-event-3e5aca12d15af4be958983fb,0a357834f00a50165caec74a,recheck_primary_offer_availability,correct_block,unique_subject_member,Frozen P0 descriptive unit only; not a population unit.
action_attempt_event-85396ccacc818823,action_attempt_event,review-backfill-e9209fe22037c79b28db6543,real-shadow-event-3eb88d55f0c27278955fdb15,e34dd21e73fcd7ea83d9dbba,recheck_primary_offer_availability,correct_block,unique_subject_member,Frozen P0 descriptive unit only; not a population unit.
action_attempt_event-21592a08a7b39931,action_attempt_event,review-backfill-773d2cdab3c71b99e4eddf25,real-shadow-event-3ef8d401e8eadeae934535a3,e005ac9d130de1f743481ee9,recheck_primary_offer_availability,correct_block,unique_subject_member,Frozen P0 descriptive unit only; not a population unit.
action_attempt_event-f3b65937ff091e0f,action_attempt_event,review-backfill-5019f9b4972e147931cedad3,real-shadow-event-3f47d943756967bb16b44f69,75788154641cc787a0fe9112,manual_review_before_materialization,false_block,unique_subject_member,Frozen P0 descriptive unit only; not a population unit.
action_attempt_event-a0c389a31bc9599b,action_attempt_event,review-backfill-fce8648668b63f5254783a40,real-shadow-event-40b5865cc5bc9db37934e6f6,1caf1532c8a61be5eb65382e,recheck_primary_offer_availability,correct_block,unique_subject_member,Frozen P0 descriptive unit only; not a population unit.
action_attempt_event-f5036593ab6f9e29,action_attempt_event,review-backfill-4b97ae8662695667aa70cd54,real-shadow-event-4451a0ad8cd1703249d5a504,0b5f1e89947dd83d88b14d44,recheck_primary_offer_availability,needs_more_evidence,unique_subject_member,Frozen P0 descriptive unit only; not a population unit.
action_attempt_event-39c3df12349e0204,action_attempt_event,review-backfill-ac07f06ed317353757034f51,real-shadow-event-453cac2ad7d43b3817674f78,c1806fd285f406e2e9a45c77,manual_review_before_materialization,correct_block,unique_subject_member,Frozen P0 descriptive unit only; not a population unit.
action_attempt_event-d96a5ab92071fcb6,action_attempt_event,review-backfill-b9411af4b0e491cf7ea4c87d,real-shadow-event-4ae72455992aba9c8ed5a651,d081ec08c8851327b24494b8,recheck_primary_offer_availability,false_block,unique_subject_member,Frozen P0 descriptive unit only; not a population unit.
action_attempt_event-4433722199886682,action_attempt_event,review-backfill-c3177227503b49dd163ac15b,real-shadow-event-4da7c3cf8964f594f67bc85d,e43186714cce083024dadf27,recheck_primary_offer_availability,needs_more_evidence,unique_subject_member,Frozen P0 descriptive unit only; not a population unit.
action_attempt_event-ddce35f8af1b28d4,action_attempt_event,review-backfill-dae1434f00d6d33c868c116c,real-shadow-event-51d9f782c46bfa53550070e2,9be749addfc39d28ed47f924,recheck_primary_offer_availability,correct_block,unique_subject_member,Frozen P0 descriptive unit only; not a population unit.
action_attempt_event-8f5a26f13b3703be,action_attempt_event,review-backfill-ca5c986f2ab3d3bf314cdaaf,real-shadow-event-53f307ac20bf130be096ab68,511741b7d91b5e299d825e9d,manual_review_before_materialization,correct_block,unique_subject_member,Frozen P0 descriptive unit only; not a population unit.
action_attempt_event-ac9185e0aed54f15,action_attempt_event,review-backfill-0c8e1cd3c3308900b52619a6,real-shadow-event-55250c53aadedd4a017577e6,8ed1df0d37261e5bab67837d,recheck_primary_offer_availability,correct_block,unique_subject_member,Frozen P0 descriptive unit only; not a population unit.
action_attempt_event-3a2bde332d2f96d0,action_attempt_event,review-backfill-51a18e49f59504257ba71161,real-shadow-event-55e7ccff19a121ce317b48cf,38cc6bdd4de57b9faa390094,manual_review_before_materialization,correct_block,unique_subject_member,Frozen P0 descriptive unit only; not a population unit.
action_attempt_event-140cef7d8ec32de9,action_attempt_event,review-backfill-7805c124d540f29c5f2cb085,real-shadow-event-563d832a9418becb11cd7acc,6b36fa0689d73a14ab8d942e,recheck_primary_offer_availability,correct_block,unique_subject_member,Frozen P0 descriptive unit only; not a population unit.
action_attempt_event-4ef8a5f827554ad6,action_attempt_event,review-backfill-5ce7b4f86f6c105a05fe2ea8,real-shadow-event-579146f472550bd610b1777a,617ce044e39c73c6734a805b,recheck_primary_offer_availability,false_block,unique_subject_member,Frozen P0 descriptive unit only; not a population unit.
action_attempt_event-43ad61098b083858,action_attempt_event,review-backfill-0a7f33cb956ca16f51d9070f,real-shadow-event-5c0ec092a49798eb7ae2cbc5,5bd77843909a4b5fed4f0de4,manual_review_before_materialization,needs_more_evidence,unique_subject_member,Frozen P0 descriptive unit only; not a population unit.
action_attempt_event-70f6c5dcf7b0b991,action_attempt_event,review-backfill-6fc687ea15173b20e76ec1b1,real-shadow-event-5c25886a5cddd1d8d088040a,08de152464536ccb95ea4661,recheck_primary_offer_availability,correct_block,unique_subject_member,Frozen P0 descriptive unit only; not a population unit.
action_attempt_event-5bdf962e2a0b5da7,action_attempt_event,review-backfill-d5a4210df17a2d89e6c22233,real-shadow-event-5c31228ad7869953a5ad33db,d857f1d2be23e0e3298aa566,manual_review_before_materialization,correct_block,unique_subject_member,Frozen P0 descriptive unit only; not a population unit.
action_attempt_event-5340f23cca60b0b6,action_attempt_event,review-backfill-981c9d069a2cb842de0012e6,real-shadow-event-61265c8e0b66a126b8ce9fcb,8ac96e3f72a5df56843e93e7,manual_review_before_materialization,false_block,unique_subject_member,Frozen P0 descriptive unit only; not a population unit.
action_attempt_event-69e75f4aa0e1bbf7,action_attempt_event,review-backfill-f6281c9c16341bcd35b16510,real-shadow-event-612964b674719499015e0bcb,69892f58b64a9f231035c310,recheck_primary_offer_availability,correct_block,unique_subject_member,Frozen P0 descriptive unit only; not a population unit.
action_attempt_event-d497ee852a158adb,action_attempt_event,review-backfill-ed9b6b2890a080a0e705311c,real-shadow-event-633b8d87edd263e3d4abb9a1,35a3cff16f659341c716a202,recheck_primary_offer_availability,correct_block,unique_subject_member,Frozen P0 descriptive unit only; not a population unit.
action_attempt_event-428960e15ed5dde9,action_attempt_event,review-backfill-d62e5d93dd272247a452d788,real-shadow-event-64038c97fdac908e928e31e3,94915a3b2595638e6c6c78c8,recheck_primary_offer_availability,correct_block,unique_subject_member,Frozen P0 descriptive unit only; not a population unit.
action_attempt_event-3342cad9f1b0b82d,action_attempt_event,review-backfill-a8e6464dcd7258b9768845fa,real-shadow-event-640c230c9324b0a147380543,2ab9a8ba1bd400c45dfa3369,manual_review_before_materialization,correct_block,unique_subject_member,Frozen P0 descriptive unit only; not a population unit.
action_attempt_event-93fa584074dd7e61,action_attempt_event,review-backfill-4c04a85ba66314f79b08cf57,real-shadow-event-65a1295d520dc78be2f1fa8c,8a946ec1c2ac49799fd2d7e2,recheck_primary_offer_availability,correct_block,unique_subject_member,Frozen P0 descriptive unit only; not a population unit.
action_attempt_event-9d8d03100f6eb0fa,action_attempt_event,review-backfill-4f68ca1db1e8a1ddf3aa7416,real-shadow-event-69e8c4c8a38330a0bc58e82f,c5e36869c6984b1827aca347,manual_review_before_materialization,correct_block,unique_subject_member,Frozen P0 descriptive unit only; not a population unit.
action_attempt_event-06be1fe2ebf7d60f,action_attempt_event,review-backfill-134d5d5743f45f28f2c551e8,real-shadow-event-6a786a886d2a8e7f0635cb1f,56b97c1463a6aabc5abc83c4,manual_review_before_materialization,needs_more_evidence,unique_subject_member,Frozen P0 descriptive unit only; not a population unit.
action_attempt_event-da5bdab3b758c11c,action_attempt_event,review-backfill-0d6f1d7d3304ac294059cc52,real-shadow-event-6add7f47af24070d3cdc509a,bda0330bbf4d0daa8d733b07,manual_review_before_materialization,false_block,unique_subject_member,Frozen P0 descriptive unit only; not a population unit.
action_attempt_event-a320a5a7478cdded,action_attempt_event,review-backfill-cdf90377d24f2ca9b394fbe7,real-shadow-event-6ca54f280ee6b1e771509b3a,fac33b247455756be00520e5,recheck_primary_offer_availability,correct_block,unique_subject_member,Frozen P0 descriptive unit only; not a population unit.
action_attempt_event-c1ec614f099f4cbe,action_attempt_event,review-backfill-1e1644821de63726ec5059d7,real-shadow-event-6d308cfe008366fe290ca69b,d925b047ee9baef3f9d28f25,recheck_primary_offer_availability,correct_block,unique_subject_member,Frozen P0 descriptive unit only; not a population unit.
action_attempt_event-360aab7901916eda,action_attempt_event,review-backfill-732e933f2711bc0eea0757d0,real-shadow-event-6f7ea9f561ec04e98c1d3715,daf846f2f79c0619cfa00039,recheck_primary_offer_availability,false_block,unique_subject_member,Frozen P0 descriptive unit only; not a population unit.
action_attempt_event-5299955c987ff74e,action_attempt_event,review-backfill-ff7653fb8428c46b0e846d2b,real-shadow-event-6f9ef50ee453aaefd4548499,5aa07ca98753aa0c4045b572,recheck_primary_offer_availability,correct_block,unique_subject_member,Frozen P0 descriptive unit only; not a population unit.
action_attempt_event-eef5468012559e67,action_attempt_event,review-backfill-386b9fafd91f8b8f1a6d8f56,real-shadow-event-77f0e1357eddae354d787e1e,5150383e22731017d7100f85,recheck_primary_offer_availability,correct_block,unique_subject_member,Frozen P0 descriptive unit only; not a population unit.
action_attempt_event-5ee0e240be932ae2,action_attempt_event,review-backfill-1d1d5cdf3d4bca4e44aa4e91,real-shadow-event-7ac6887b6366945fd7c86436,8a37bd40ddacb33404859d77,recheck_primary_offer_availability,correct_block,unique_subject_member,Frozen P0 descriptive unit only; not a population unit.
action_attempt_event-c7a193d6e6b94b3b,action_attempt_event,review-backfill-52ca9b2a8514f88e6e94bb9d,real-shadow-event-7c9d014f16c5ad8b86810616,60ba95bd15f728c1f9616364,recheck_primary_offer_availability,needs_more_evidence,unique_subject_member,Frozen P0 descriptive unit only; not a population unit.
action_attempt_event-5c4b1e1eaf052af9,action_attempt_event,review-backfill-d880decb0e59d6ad454cbc7b,real-shadow-event-7d806d50f1afeac6bac838af,a0c0f7735e28806bc3d31b73,recheck_primary_offer_availability,correct_block,unique_subject_member,Frozen P0 descriptive unit only; not a population unit.
action_attempt_event-c34deeae105cc196,action_attempt_event,review-backfill-8a1a34b6ba11a4b045e0759a,real-shadow-event-7e5b69d894098fc70b88f741,0cdbdf3d15cd05b32071e57d,recheck_primary_offer_availability,correct_block,unique_subject_member,Frozen P0 descriptive unit only; not a population unit.
action_attempt_event-52ece730d2649e7b,action_attempt_event,review-backfill-3184a1767b6cb61152e2f0ad,real-shadow-event-7f32beb89201fad5a2228c8f,0fbd41e3badf44d42f26bbab,recheck_primary_offer_availability,correct_block,unique_subject_member,Frozen P0 descriptive unit only; not a population unit.
action_attempt_event-ae9563ac250df328,action_attempt_event,review-backfill-d971e491d596c5c24220f5ca,real-shadow-event-80332d4da9ebbc9871f9ee15,b427979c211f428f92678005,manual_review_before_materialization,needs_more_evidence,unique_subject_member,Frozen P0 descriptive unit only; not a population unit.
action_attempt_event-4e42d683813a21ee,action_attempt_event,review-backfill-f4cb66378741d45cccb56809,real-shadow-event-82b193ea5b12141c83b22070,b988db8b1c1c2fafb874c278,recheck_primary_offer_availability,correct_block,unique_subject_member,Frozen P0 descriptive unit only; not a population unit.
action_attempt_event-c83b9603a290c727,action_attempt_event,review-backfill-afc27a2e376147df6936ce15,real-shadow-event-84dc63fd95ee38983b496d81,bd9db9949492d71ea1c39f63,recheck_primary_offer_availability,false_block,unique_subject_member,Frozen P0 descriptive unit only; not a population unit.
action_attempt_event-f65e39dd33af4c28,action_attempt_event,review-backfill-8d6f15c442ac2c20cf050d4b,real-shadow-event-887f0597a02e32f66daccca7,4881a6e2807f1a01b8ade04d,recheck_primary_offer_availability,correct_block,unique_subject_member,Frozen P0 descriptive unit only; not a population unit.
action_attempt_event-2f4f0f7c6cdc9ef7,action_attempt_event,review-backfill-b250e4344c3b854d17962b29,real-shadow-event-892d6e1d4373466f58f2c2c2,a64c2a99abe6ee233d68250a,manual_review_before_materialization,correct_block,unique_subject_member,Frozen P0 descriptive unit only; not a population unit.
action_attempt_event-37e8d640429598a6,action_attempt_event,review-backfill-d83fb9e31dc690ee15fbc91b,real-shadow-event-8a01bf6b9094a64bf7e3ce09,460ca697fc7f8fd501d900cd,recheck_primary_offer_availability,correct_block,unique_subject_member,Frozen P0 descriptive unit only; not a population unit.
action_attempt_event-8ce7c7560b58aa87,action_attempt_event,review-backfill-082241e46e00396b1be4146e,real-shadow-event-8afc5ece3298cd983d7a45ee,96690786036329d0109f17f5,recheck_primary_offer_availability,correct_block,unique_subject_member,Frozen P0 descriptive unit only; not a population unit.
action_attempt_event-95401f97ac6e9247,action_attempt_event,review-backfill-72adee62875bc6cec8bb09ad,real-shadow-event-8b7ad07e903f804cb4d979a1,f4ced0fc2baa1d097bec1b99,recheck_primary_offer_availability,correct_block,unique_subject_member,Frozen P0 descriptive unit only; not a population unit.
action_attempt_event-7036921a55688de8,action_attempt_event,review-backfill-13a46bf4d90592bc42347b41,real-shadow-event-8c25807f74852499fb41d7d8,1e46568dd1bb9da42ccab830,manual_review_before_materialization,correct_block,unique_subject_member,Frozen P0 descriptive unit only; not a population unit.
action_attempt_event-ab7ce6baae036b50,action_attempt_event,review-backfill-14ff1622834669156357da40,real-shadow-event-921db58ecce917fab45c0549,4aeb17ab0bf5af9b60e7c37f,recheck_primary_offer_availability,needs_more_evidence,unique_subject_member,Frozen P0 descriptive unit only; not a population unit.
action_attempt_event-0490a3f4d48c80be,action_attempt_event,review-backfill-fe1f3f5d9b1fada4409e3a5f,real-shadow-event-9233543990fd3c884ef5aa5f,6d952dc2f76929d4f8bf49cf,recheck_primary_offer_availability,false_block,unique_subject_member,Frozen P0 descriptive unit only; not a population unit.
action_attempt_event-1b5ecb699f7ea077,action_attempt_event,review-backfill-aaeace9135c447052c5eed19,real-shadow-event-927af53c5afbd57e2c3bdf40,d22ecfc4dcd62246065f817f,recheck_primary_offer_availability,correct_block,unique_subject_member,Frozen P0 descriptive unit only; not a population unit.
action_attempt_event-b160a315dfef5576,action_attempt_event,review-backfill-591e5b005376951d56afd360,real-shadow-event-93bb6e1c325b4794564de8cf,cfdc5ddcfe37987bb8586079,recheck_primary_offer_availability,correct_block,unique_subject_member,Frozen P0 descriptive unit only; not a population unit.
action_attempt_event-c61909554512e6cb,action_attempt_event,review-backfill-4cbc90599082f13f99ad388d,real-shadow-event-94e321271edd6dd3612ed48e,e65511501ed07bf8957278a5,recheck_primary_offer_availability,correct_block,unique_subject_member,Frozen P0 descriptive unit only; not a population unit.
action_attempt_event-e5973dd2af68c1a1,action_attempt_event,review-backfill-df4b02c680ed02501abbab1c,real-shadow-event-9a9c84fd7886ab86f85e6adf,17d8eccc3989f6090df3a716,recheck_primary_offer_availability,needs_more_evidence,unique_subject_member,Frozen P0 descriptive unit only; not a population unit.
action_attempt_event-0bcd8a628b493973,action_attempt_event,review-backfill-a19fca2d86ae9315bde44e8d,real-shadow-event-9d479628d632ee4f2f893c43,88da45f91546b7b9a93ddeea,recheck_primary_offer_availability,correct_block,unique_subject_member,Frozen P0 descriptive unit only; not a population unit.
action_attempt_event-c1b478ea3edeccfd,action_attempt_event,review-backfill-c7a4692bb4c3b5c2b52d2f1e,real-shadow-event-9f378c5f82aea50f08812036,cd4e020fe63e86ad2f1e80f6,manual_review_before_materialization,correct_block,unique_subject_member,Frozen P0 descriptive unit only; not a population unit.
action_attempt_event-3a8f3a4c9f418d75,action_attempt_event,review-backfill-e4a0c2987bf5519999c0a836,real-shadow-event-9ffb5b1b35b92c31ce56bd1c,ed60133c663b6b314e4914d2,recheck_primary_offer_availability,correct_block,unique_subject_member,Frozen P0 descriptive unit only; not a population unit.
action_attempt_event-7d77163addb6879d,action_attempt_event,review-backfill-f4f97e927b232be7c38aff25,real-shadow-event-a056b253ff43cc3c6762d69b,494e7e2a1c62cc9ca7715ff6,recheck_primary_offer_availability,needs_more_evidence,unique_subject_member,Frozen P0 descriptive unit only; not a population unit.
action_attempt_event-b933fbe8c6bbc049,action_attempt_event,review-backfill-4fece2f97ad87cecb265cb5d,real-shadow-event-a0ed1bbde601d45946cd358d,b3e260a3def563ec514264db,recheck_primary_offer_availability,correct_block,unique_subject_member,Frozen P0 descriptive unit only; not a population unit.
action_attempt_event-57c05e3341b18ba9,action_attempt_event,review-backfill-acd97ccae6da42fd6eeae304,real-shadow-event-a1c385b53424a436fceaac62,81b645a264163982624faac8,recheck_primary_offer_availability,correct_block,unique_subject_member,Frozen P0 descriptive unit only; not a population unit.
action_attempt_event-b8c0aaabda1b283d,action_attempt_event,review-backfill-92606313aed9671db31ea599,real-shadow-event-a2023ac5d69f45aa80bca149,f6ecca2d24383ba62c048316,manual_review_before_materialization,false_block,unique_subject_member,Frozen P0 descriptive unit only; not a population unit.
action_attempt_event-8e3ee422f3175fb2,action_attempt_event,review-backfill-8c1b02026662af614bc14c7a,real-shadow-event-a3f367b5c910906a0d8cfb8f,15c1e29aff299602896d22a7,manual_review_before_materialization,correct_block,unique_subject_member,Frozen P0 descriptive unit only; not a population unit.
action_attempt_event-ac06abaf516aef25,action_attempt_event,review-backfill-ef2ab2f5becc51ebb1e41499,real-shadow-event-a963f1dea68a6625bb5b44c8,7bf5622b60752fe05983259a,manual_review_before_materialization,false_block,unique_subject_member,Frozen P0 descriptive unit only; not a population unit.
action_attempt_event-3a256c9a9750aa5f,action_attempt_event,review-backfill-59356c18067708552e3fabef,real-shadow-event-aa5d2d907e45ac1a1ea9029e,c5780d14a6c1a64f88bb3cc7,recheck_primary_offer_availability,correct_block,unique_subject_member,Frozen P0 descriptive unit only; not a population unit.
action_attempt_event-922c1956e6082880,action_attempt_event,review-backfill-26359a6d0c06b7be11385155,real-shadow-event-af0e74b6ccd717414920b35c,e7464f0587d73ed243610746,recheck_primary_offer_availability,correct_block,unique_subject_member,Frozen P0 descriptive unit only; not a population unit.
action_attempt_event-cb8a625fa794154e,action_attempt_event,review-backfill-ac2cf42b0cf05a3bcf887dd2,real-shadow-event-afc1587a542613f674f7676a,2375433145a5950ff389cd56,recheck_primary_offer_availability,correct_block,unique_subject_member,Frozen P0 descriptive unit only; not a population unit.
action_attempt_event-1109a3e4931db3f0,action_attempt_event,review-backfill-ba14636f9ec61a6c9767b4d3,real-shadow-event-b383e029019fb82cf2cd852e,e66ba33a8b9d869c6063b64c,manual_review_before_materialization,needs_more_evidence,unique_subject_member,Frozen P0 descriptive unit only; not a population unit.
action_attempt_event-3da061e36a5ef417,action_attempt_event,review-backfill-521116e59fc49c6a0909aa16,real-shadow-event-b850e78ce8722a5896097d65,6cb79ccdd28033beb674abae,manual_review_before_materialization,needs_more_evidence,unique_subject_member,Frozen P0 descriptive unit only; not a population unit.
action_attempt_event-c97a02b63fc046cb,action_attempt_event,review-backfill-b1341f9f6be1d4bffa3c406e,real-shadow-event-b8b59201a0d9234e5aa26868,17bdf3343646329192d64d7e,manual_review_before_materialization,correct_block,unique_subject_member,Frozen P0 descriptive unit only; not a population unit.
action_attempt_event-cf3f1eca9e0781ea,action_attempt_event,review-backfill-06acb5675cbd8d5e26de17b9,real-shadow-event-bc369880ec47b0afc6f26701,d504233507e64016850f1020,recheck_primary_offer_availability,needs_more_evidence,unique_subject_member,Frozen P0 descriptive unit only; not a population unit.
action_attempt_event-81cbab860211d7fa,action_attempt_event,review-backfill-864591aa51aa9069110538aa,real-shadow-event-bc76e5e8d2a51ffec80a4cad,9e284ea3a360b240b999e77f,recheck_primary_offer_availability,correct_block,unique_subject_member,Frozen P0 descriptive unit only; not a population unit.
action_attempt_event-1522a649038f37f2,action_attempt_event,review-backfill-44a4380f7465583de3fa94df,real-shadow-event-c0c3837079f8e6a28e7e080f,2862966e101915e0e82e1b6c,manual_review_before_materialization,correct_block,unique_subject_member,Frozen P0 descriptive unit only; not a population unit.
action_attempt_event-2d57ac58b5b7ecee,action_attempt_event,review-backfill-5c726fe8e2fb0e89e8468851,real-shadow-event-c0db34fd699720bcd8ac8594,d51726852c3d82dfe3393856,recheck_primary_offer_availability,correct_block,unique_subject_member,Frozen P0 descriptive unit only; not a population unit.
action_attempt_event-b129bb5a99458f34,action_attempt_event,review-backfill-9329d687451791da8bdf76e9,real-shadow-event-c37f45ee603df968c4447de7,858a2191fe0de09512e04981,manual_review_before_materialization,false_block,unique_subject_member,Frozen P0 descriptive unit only; not a population unit.
action_attempt_event-89ac51e1090cb1ee,action_attempt_event,review-backfill-d912c8dd8b5c8328df4d63f6,real-shadow-event-c3af2aadda7056efb0c78ef6,62275742a11b34428b93ba06,recheck_primary_offer_availability,correct_block,unique_subject_member,Frozen P0 descriptive unit only; not a population unit.
action_attempt_event-49c6aa448f0ff185,action_attempt_event,review-backfill-672be81eca9281010f810215,real-shadow-event-c49d67237652dfe346c5c7b9,d039cbb7e9d8746b37ee442b,recheck_primary_offer_availability,needs_more_evidence,unique_subject_member,Frozen P0 descriptive unit only; not a population unit.
action_attempt_event-77782befbe26da9e,action_attempt_event,review-backfill-3ca985e2d8fd16afcd8e103e,real-shadow-event-c4bc30635666c6d6070e5326,22811123717d03c231097d19,manual_review_before_materialization,needs_more_evidence,unique_subject_member,Frozen P0 descriptive unit only; not a population unit.
action_attempt_event-fd42938fb28e33a2,action_attempt_event,review-backfill-5fd5ed1937c32e35ce0fe3bd,real-shadow-event-c5464045252464819eb0fcff,6bcaf14e62fd6052a0b77046,recheck_primary_offer_availability,correct_block,unique_subject_member,Frozen P0 descriptive unit only; not a population unit.
action_attempt_event-0f12e7fae0e7d8c9,action_attempt_event,review-backfill-1f02f7ba4e91af133efcfe5b,real-shadow-event-c7844e1e1f8f6355f3c06808,de1a708d888621322603377d,manual_review_before_materialization,correct_block,unique_subject_member,Frozen P0 descriptive unit only; not a population unit.
action_attempt_event-5f2b316c05fb152d,action_attempt_event,review-backfill-4f8d0aac67b5ed70789a208a,real-shadow-event-c9ee9d51be887f14a029283b,70ef8fd02d968cb9c7ee3bb3,recheck_primary_offer_availability,correct_block,unique_subject_member,Frozen P0 descriptive unit only; not a population unit.
action_attempt_event-80205878a83344f3,action_attempt_event,review-backfill-4ee539b4b274c0135b979197,real-shadow-event-cff35e50737a7075716e8a11,ebdbfd09bafa5a4e5d87a11d,recheck_primary_offer_availability,correct_block,unique_subject_member,Frozen P0 descriptive unit only; not a population unit.
action_attempt_event-34886c8f43e2b125,action_attempt_event,review-backfill-f81e0e2ab07ae2ec1e3ac32c,real-shadow-event-d2196b8e5806131fcbbddac0,52c47bffaff67ab390a96ed6,manual_review_before_materialization,false_block,unique_subject_member,Frozen P0 descriptive unit only; not a population unit.
action_attempt_event-f11a61a3032f89f0,action_attempt_event,review-backfill-10797690c2745da82949fdf6,real-shadow-event-d2d4d763d886332bb3dac134,c2ca5713dc36ed78ff36ea25,recheck_primary_offer_availability,correct_block,unique_subject_member,Frozen P0 descriptive unit only; not a population unit.
action_attempt_event-586d71c6ad927448,action_attempt_event,review-backfill-aee6c81d076d4b0d6a3449c6,real-shadow-event-d3231d61efd10f2bd9ca2178,fe3666f56ba7f441d6d2455b,recheck_primary_offer_availability,correct_block,unique_subject_member,Frozen P0 descriptive unit only; not a population unit.
action_attempt_event-516a51685a5889ea,action_attempt_event,review-backfill-8811ba8ea1cee144a38c69fb,real-shadow-event-d414fafaca4f6e69e44dc18d,dd52ee58bd0cc1efe5b6a0c7,recheck_primary_offer_availability,correct_block,unique_subject_member,Frozen P0 descriptive unit only; not a population unit.
action_attempt_event-13d88a8215a0105a,action_attempt_event,review-backfill-41bfe56b9b1aa03b35a1482c,real-shadow-event-d53d78cd157ebcae1bedb2af,4309c7030a6874f47d273c28,manual_review_before_materialization,needs_more_evidence,unique_subject_member,Frozen P0 descriptive unit only; not a population unit.
action_attempt_event-ee6c82a0f29948ac,action_attempt_event,review-backfill-d04b14c7f41a953f2e91a15c,real-shadow-event-d544817ece95ebbf9304cb09,bcbc927ae2418c7ac75237dc,recheck_primary_offer_availability,correct_block,unique_subject_member,Frozen P0 descriptive unit only; not a population unit.
action_attempt_event-1d8abecbc106435a,action_attempt_event,review-backfill-1ab04d95aaba726cb1621ae4,real-shadow-event-d5b27c8a986cfd2ef158d90c,bde02138a1208e74c8f0a3de,recheck_primary_offer_availability,needs_more_evidence,unique_subject_member,Frozen P0 descriptive unit only; not a population unit.
action_attempt_event-2322d2d92cce0192,action_attempt_event,review-backfill-908dea8f316dd06281659494,real-shadow-event-d673ff75f8ca4a419c5bedb2,c7cb6fd1e09db039fb08b82d,manual_review_before_materialization,false_block,unique_subject_member,Frozen P0 descriptive unit only; not a population unit.
action_attempt_event-f4fbcac4e0148342,action_attempt_event,review-backfill-1ac75a818c5423945b12abf9,real-shadow-event-d752f007010db1707a0b1abd,3dbfee305a5517d10d1ba633,recheck_primary_offer_availability,correct_block,unique_subject_member,Frozen P0 descriptive unit only; not a population unit.
action_attempt_event-30e32d1e5076770f,action_attempt_event,review-backfill-0b9eff33379b232a165e6aca,real-shadow-event-dd3a176ddc3ef7839085d40d,bb1c7ce6e959c3105522c3e8,recheck_primary_offer_availability,correct_block,unique_subject_member,Frozen P0 descriptive unit only; not a population unit.
action_attempt_event-168cac47a25c2a9a,action_attempt_event,review-backfill-c291950d1c54ab966cbaca44,real-shadow-event-dd879ba0b4cffbaea1cb2d30,159f966a55779e0a01b33ee4,recheck_primary_offer_availability,correct_block,unique_subject_member,Frozen P0 descriptive unit only; not a population unit.
action_attempt_event-e7a522cd6a0b6218,action_attempt_event,review-backfill-2c3099a307592553a40ec707,real-shadow-event-df403b29dc5ab1dcbac25543,5ec5bd997b45e458c0cfac3e,recheck_primary_offer_availability,false_block,unique_subject_member,Frozen P0 descriptive unit only; not a population unit.
action_attempt_event-c5c42ebb57f2170a,action_attempt_event,review-backfill-bebe7be11c657354e4653316,real-shadow-event-e01507ba41804cf02975369c,56c5ca1fa629d3ba151d2297,recheck_primary_offer_availability,correct_block,unique_subject_member,Frozen P0 descriptive unit only; not a population unit.
action_attempt_event-20a8d287466d0ee8,action_attempt_event,review-backfill-86689288dc121a56cea9dd10,real-shadow-event-e24f3c3ef29d41eeff541024,b026f663196aa7faca6c0cf6,recheck_primary_offer_availability,correct_block,unique_subject_member,Frozen P0 descriptive unit only; not a population unit.
action_attempt_event-4553323fd64830ea,action_attempt_event,review-backfill-2abb9c8f44a21b72d6d8a349,real-shadow-event-e459434081f879e434febabe,8d9f07a373680009c69925c6,manual_review_before_materialization,false_block,unique_subject_member,Frozen P0 descriptive unit only; not a population unit.
action_attempt_event-10dd9fc647558a15,action_attempt_event,review-backfill-4dd34384b9f4e381bb59f08c,real-shadow-event-e71e2f02ff04a18b1dd362be,e6c1a5cf3bc29b44089b7310,manual_review_before_materialization,needs_more_evidence,unique_subject_member,Frozen P0 descriptive unit only; not a population unit.
action_attempt_event-b82b3808cc5b733c,action_attempt_event,review-backfill-bd786b2a7a853bb2c4ed5c64,real-shadow-event-e7c36abd47e5116061703f37,e8dc32a75ef267ab93678dc2,recheck_primary_offer_availability,correct_block,unique_subject_member,Frozen P0 descriptive unit only; not a population unit.
action_attempt_event-79e769003580a02f,action_attempt_event,review-backfill-1a5e11aaab2238159be74f3e,real-shadow-event-ebff0651806f68acee347a5b,9e6c2b85c16b529452c6823a,recheck_primary_offer_availability,correct_block,unique_subject_member,Frozen P0 descriptive unit only; not a population unit.
action_attempt_event-12441711665f5eb5,action_attempt_event,review-backfill-cb998559e1667e8772ca935b,real-shadow-event-ee4b825a2700dca8e364b91c,dcfed84493c555ad5ad7144c,manual_review_before_materialization,false_block,unique_subject_member,Frozen P0 descriptive unit only; not a population unit.
action_attempt_event-d28b4aa2cb116050,action_attempt_event,review-backfill-6f9d4a4e9549bf2225cb41fe,real-shadow-event-f0510a06e252bfb2cb0267bc,d167db9a40c288c8b05770eb,recheck_primary_offer_availability,correct_block,unique_subject_member,Frozen P0 descriptive unit only; not a population unit.
action_attempt_event-fd5ee7f8acbe5ce2,action_attempt_event,review-backfill-66b323385c35ad380b4dccde,real-shadow-event-f1b9e30f833cbd4e10c3e6ff,f5bd6502f35ae3797cc43a99,recheck_primary_offer_availability,correct_block,unique_subject_member,Frozen P0 descriptive unit only; not a population unit.
action_attempt_event-32cc3d835ca69723,action_attempt_event,review-backfill-3fabc461b62bcf7ba611282e,real-shadow-event-f1e463077f35c13375ac94a9,808a9482c6c8f4e5fb959146,recheck_primary_offer_availability,correct_block,unique_subject_member,Frozen P0 descriptive unit only; not a population unit.
action_attempt_event-880c8a233d7f2bff,action_attempt_event,review-backfill-8140b9c90a4f3f52c953ff4f,real-shadow-event-f8461de4308de81bc213616c,3c44ad8b6d132b83e18464a6,manual_review_before_materialization,false_block,unique_subject_member,Frozen P0 descriptive unit only; not a population unit.
action_attempt_event-37ebdbb0f322ba7f,action_attempt_event,review-backfill-07d12d47242a5f22dd575b5b,real-shadow-event-fa448704fdb95f96fd42a5cf,23a781f0b5688c312724c180,recheck_primary_offer_availability,correct_block,unique_subject_member,Frozen P0 descriptive unit only; not a population unit.
action_attempt_event-da5050c0e0080e52,action_attempt_event,review-backfill-2bd820ad4b23ea804c6d7e38,real-shadow-event-faa130c74822f0ae1710e0c9,f763709cd0dac1c4788f60a1,recheck_primary_offer_availability,correct_block,unique_subject_member,Frozen P0 descriptive unit only; not a population unit.
action_attempt_event-80c83dee30ccd4df,action_attempt_event,review-backfill-154b7d39e34ec4deeb6862a2,real-shadow-event-fd0644b1893cef4b24d72c2e,e834d221110e7c2117615603,manual_review_before_materialization,needs_more_evidence,unique_subject_member,Frozen P0 descriptive unit only; not a population unit.
action_attempt_event-e16a55c48b45c82c,action_attempt_event,review-backfill-b2868fa137535e7af131881d,real-shadow-event-fe1dd0b2737bc9b4585728c8,afd94309f6e3623034d19ac4,recheck_primary_offer_availability,correct_block,unique_subject_member,Frozen P0 descriptive unit only; not a population unit.
action_attempt_event-430309b75df0147e,action_attempt_event,review-backfill-d8a74a88c85934011d06e0b4,real-shadow-event-ff000b5385df76aaf6900f92,8d60a5d654e1e03ba82e4d2d,recheck_primary_offer_availability,correct_block,unique_subject_member,Frozen P0 descriptive unit only; not a population unit.
action_attempt_event-5301fac039295ae1,action_attempt_event,review-backfill-f8842571a6921fd0467a3bca,real-shadow-event-ff8de29daf5f8fd89abaa71a,15451e8d17cc071308776eea,recheck_primary_offer_availability,correct_block,unique_subject_member,Frozen P0 descriptive unit only; not a population unit.
