case_id,queue_id,reviewer_id,reviewed_at,reviewed_outcome,confidence,adjudication_status,notes_code,rationale_short,evidence_requested_if_needs_more_evidence
reviewer2-case-0001,review-backfill-d2dc8ccd86d4d804d978365c,,,,,,,,
reviewer2-case-0002,review-backfill-1bde575de4c014c1663d215b,,,,,,,,
reviewer2-case-0003,review-backfill-4966fd974cfa2c414760e486,,,,,,,,
reviewer2-case-0004,review-backfill-52710db9025152e1a6598c9f,,,,,,,,
reviewer2-case-0005,review-backfill-18c6fc1849785806e3ede7de,,,,,,,,
reviewer2-case-0006,review-backfill-2e345b09f8729b30771fca04,,,,,,,,
reviewer2-case-0007,review-backfill-cc53d28a1d7503ccba1857a7,,,,,,,,
reviewer2-case-0008,review-backfill-d5583f018eb8c7bb268ecfb8,,,,,,,,
reviewer2-case-0009,review-backfill-ef696dbb850a7681882d30c8,,,,,,,,
reviewer2-case-0010,review-backfill-3357a4d2c3ba4b237a5befcc,,,,,,,,
reviewer2-case-0011,review-backfill-6af4e3db719d3797bf7da40c,,,,,,,,
reviewer2-case-0012,review-backfill-e20b060a67572e2b68ea7ae7,,,,,,,,
reviewer2-case-0013,review-backfill-317e2e61810caf6124da1c3f,,,,,,,,
reviewer2-case-0014,review-backfill-a83d8be7c23334e7c9483b70,,,,,,,,
reviewer2-case-0015,review-backfill-3c42e24629d0d040c862ff2f,,,,,,,,
reviewer2-case-0016,review-backfill-6db347fa626f9df173d9be8e,,,,,,,,
reviewer2-case-0017,review-backfill-dc30d2a4709f54b4e51603af,,,,,,,,
reviewer2-case-0018,review-backfill-d8318ce2282957a34154e8ba,,,,,,,,
reviewer2-case-0019,review-backfill-3a757cf569976b40a892da0d,,,,,,,,
reviewer2-case-0020,review-backfill-165b7c652ea8ce972298bdd1,,,,,,,,
reviewer2-case-0021,review-backfill-3c147caec660da0f842f531c,,,,,,,,
reviewer2-case-0022,review-backfill-5eb8948a501e6112bb51a28e,,,,,,,,
reviewer2-case-0023,review-backfill-ccbf50bc03c6b5304a3a9e26,,,,,,,,
reviewer2-case-0024,review-backfill-38482839bd65deda931b15b0,,,,,,,,
reviewer2-case-0025,review-backfill-ffbcaecb82db88da3cb53d5c,,,,,,,,
reviewer2-case-0026,review-backfill-bb439883d459e55411a183b8,,,,,,,,
reviewer2-case-0027,review-backfill-6f436d36828da30ef205a8dd,,,,,,,,
reviewer2-case-0028,review-backfill-e4a62914d37366d9bdb75046,,,,,,,,
reviewer2-case-0029,review-backfill-626c31d3eaac926c4731726f,,,,,,,,
reviewer2-case-0030,review-backfill-4f78c12e3a48aa1613a5e501,,,,,,,,
reviewer2-case-0031,review-backfill-bbee9d0119965e09ce321500,,,,,,,,
reviewer2-case-0032,review-backfill-74edd9b16e1451552f88024a,,,,,,,,
reviewer2-case-0033,review-backfill-4c5ee85b8fd9c67800293def,,,,,,,,
reviewer2-case-0034,review-backfill-f1dbff0ddb5ceba02e884999,,,,,,,,
reviewer2-case-0035,review-backfill-2d1cc12eca510a1bb1a35630,,,,,,,,
reviewer2-case-0036,review-backfill-1ba43b83636340686e80bdf4,,,,,,,,
reviewer2-case-0037,review-backfill-1516c13b305bc64867a774bc,,,,,,,,
reviewer2-case-0038,review-backfill-6203f5c6dfcf999a8de7e862,,,,,,,,
reviewer2-case-0039,review-backfill-084db141bfd70a1860618fff,,,,,,,,
reviewer2-case-0040,review-backfill-e9209fe22037c79b28db6543,,,,,,,,
reviewer2-case-0041,review-backfill-773d2cdab3c71b99e4eddf25,,,,,,,,
reviewer2-case-0042,review-backfill-5019f9b4972e147931cedad3,,,,,,,,
reviewer2-case-0043,review-backfill-fce8648668b63f5254783a40,,,,,,,,
reviewer2-case-0044,review-backfill-4b97ae8662695667aa70cd54,,,,,,,,
reviewer2-case-0045,review-backfill-ac07f06ed317353757034f51,,,,,,,,
reviewer2-case-0046,review-backfill-b9411af4b0e491cf7ea4c87d,,,,,,,,
reviewer2-case-0047,review-backfill-c3177227503b49dd163ac15b,,,,,,,,
reviewer2-case-0048,review-backfill-dae1434f00d6d33c868c116c,,,,,,,,
reviewer2-case-0049,review-backfill-ca5c986f2ab3d3bf314cdaaf,,,,,,,,
reviewer2-case-0050,review-backfill-0c8e1cd3c3308900b52619a6,,,,,,,,
reviewer2-case-0051,review-backfill-51a18e49f59504257ba71161,,,,,,,,
reviewer2-case-0052,review-backfill-7805c124d540f29c5f2cb085,,,,,,,,
reviewer2-case-0053,review-backfill-5ce7b4f86f6c105a05fe2ea8,,,,,,,,
reviewer2-case-0054,review-backfill-0a7f33cb956ca16f51d9070f,,,,,,,,
reviewer2-case-0055,review-backfill-6fc687ea15173b20e76ec1b1,,,,,,,,
reviewer2-case-0056,review-backfill-d5a4210df17a2d89e6c22233,,,,,,,,
reviewer2-case-0057,review-backfill-981c9d069a2cb842de0012e6,,,,,,,,
reviewer2-case-0058,review-backfill-f6281c9c16341bcd35b16510,,,,,,,,
reviewer2-case-0059,review-backfill-ed9b6b2890a080a0e705311c,,,,,,,,
reviewer2-case-0060,review-backfill-d62e5d93dd272247a452d788,,,,,,,,
reviewer2-case-0061,review-backfill-a8e6464dcd7258b9768845fa,,,,,,,,
reviewer2-case-0062,review-backfill-4c04a85ba66314f79b08cf57,,,,,,,,
reviewer2-case-0063,review-backfill-4f68ca1db1e8a1ddf3aa7416,,,,,,,,
reviewer2-case-0064,review-backfill-134d5d5743f45f28f2c551e8,,,,,,,,
reviewer2-case-0065,review-backfill-0d6f1d7d3304ac294059cc52,,,,,,,,
reviewer2-case-0066,review-backfill-cdf90377d24f2ca9b394fbe7,,,,,,,,
reviewer2-case-0067,review-backfill-1e1644821de63726ec5059d7,,,,,,,,
reviewer2-case-0068,review-backfill-732e933f2711bc0eea0757d0,,,,,,,,
reviewer2-case-0069,review-backfill-ff7653fb8428c46b0e846d2b,,,,,,,,
reviewer2-case-0070,review-backfill-386b9fafd91f8b8f1a6d8f56,,,,,,,,
reviewer2-case-0071,review-backfill-1d1d5cdf3d4bca4e44aa4e91,,,,,,,,
reviewer2-case-0072,review-backfill-52ca9b2a8514f88e6e94bb9d,,,,,,,,
reviewer2-case-0073,review-backfill-d880decb0e59d6ad454cbc7b,,,,,,,,
reviewer2-case-0074,review-backfill-8a1a34b6ba11a4b045e0759a,,,,,,,,
reviewer2-case-0075,review-backfill-3184a1767b6cb61152e2f0ad,,,,,,,,
reviewer2-case-0076,review-backfill-d971e491d596c5c24220f5ca,,,,,,,,
reviewer2-case-0077,review-backfill-f4cb66378741d45cccb56809,,,,,,,,
reviewer2-case-0078,review-backfill-afc27a2e376147df6936ce15,,,,,,,,
reviewer2-case-0079,review-backfill-8d6f15c442ac2c20cf050d4b,,,,,,,,
reviewer2-case-0080,review-backfill-b250e4344c3b854d17962b29,,,,,,,,
reviewer2-case-0081,review-backfill-d83fb9e31dc690ee15fbc91b,,,,,,,,
reviewer2-case-0082,review-backfill-082241e46e00396b1be4146e,,,,,,,,
reviewer2-case-0083,review-backfill-72adee62875bc6cec8bb09ad,,,,,,,,
reviewer2-case-0084,review-backfill-13a46bf4d90592bc42347b41,,,,,,,,
reviewer2-case-0085,review-backfill-14ff1622834669156357da40,,,,,,,,
reviewer2-case-0086,review-backfill-fe1f3f5d9b1fada4409e3a5f,,,,,,,,
reviewer2-case-0087,review-backfill-aaeace9135c447052c5eed19,,,,,,,,
reviewer2-case-0088,review-backfill-591e5b005376951d56afd360,,,,,,,,
reviewer2-case-0089,review-backfill-4cbc90599082f13f99ad388d,,,,,,,,
reviewer2-case-0090,review-backfill-df4b02c680ed02501abbab1c,,,,,,,,
reviewer2-case-0091,review-backfill-a19fca2d86ae9315bde44e8d,,,,,,,,
reviewer2-case-0092,review-backfill-c7a4692bb4c3b5c2b52d2f1e,,,,,,,,
reviewer2-case-0093,review-backfill-e4a0c2987bf5519999c0a836,,,,,,,,
reviewer2-case-0094,review-backfill-f4f97e927b232be7c38aff25,,,,,,,,
reviewer2-case-0095,review-backfill-4fece2f97ad87cecb265cb5d,,,,,,,,
reviewer2-case-0096,review-backfill-acd97ccae6da42fd6eeae304,,,,,,,,
reviewer2-case-0097,review-backfill-92606313aed9671db31ea599,,,,,,,,
reviewer2-case-0098,review-backfill-8c1b02026662af614bc14c7a,,,,,,,,
reviewer2-case-0099,review-backfill-ef2ab2f5becc51ebb1e41499,,,,,,,,
reviewer2-case-0100,review-backfill-59356c18067708552e3fabef,,,,,,,,
reviewer2-case-0101,review-backfill-26359a6d0c06b7be11385155,,,,,,,,
reviewer2-case-0102,review-backfill-ac2cf42b0cf05a3bcf887dd2,,,,,,,,
reviewer2-case-0103,review-backfill-ba14636f9ec61a6c9767b4d3,,,,,,,,
reviewer2-case-0104,review-backfill-521116e59fc49c6a0909aa16,,,,,,,,
reviewer2-case-0105,review-backfill-b1341f9f6be1d4bffa3c406e,,,,,,,,
reviewer2-case-0106,review-backfill-06acb5675cbd8d5e26de17b9,,,,,,,,
reviewer2-case-0107,review-backfill-864591aa51aa9069110538aa,,,,,,,,
reviewer2-case-0108,review-backfill-44a4380f7465583de3fa94df,,,,,,,,
reviewer2-case-0109,review-backfill-5c726fe8e2fb0e89e8468851,,,,,,,,
reviewer2-case-0110,review-backfill-9329d687451791da8bdf76e9,,,,,,,,
reviewer2-case-0111,review-backfill-d912c8dd8b5c8328df4d63f6,,,,,,,,
reviewer2-case-0112,review-backfill-672be81eca9281010f810215,,,,,,,,
reviewer2-case-0113,review-backfill-3ca985e2d8fd16afcd8e103e,,,,,,,,
reviewer2-case-0114,review-backfill-5fd5ed1937c32e35ce0fe3bd,,,,,,,,
reviewer2-case-0115,review-backfill-1f02f7ba4e91af133efcfe5b,,,,,,,,
reviewer2-case-0116,review-backfill-4f8d0aac67b5ed70789a208a,,,,,,,,
reviewer2-case-0117,review-backfill-4ee539b4b274c0135b979197,,,,,,,,
reviewer2-case-0118,review-backfill-f81e0e2ab07ae2ec1e3ac32c,,,,,,,,
reviewer2-case-0119,review-backfill-10797690c2745da82949fdf6,,,,,,,,
reviewer2-case-0120,review-backfill-aee6c81d076d4b0d6a3449c6,,,,,,,,
reviewer2-case-0121,review-backfill-8811ba8ea1cee144a38c69fb,,,,,,,,
reviewer2-case-0122,review-backfill-41bfe56b9b1aa03b35a1482c,,,,,,,,
reviewer2-case-0123,review-backfill-d04b14c7f41a953f2e91a15c,,,,,,,,
reviewer2-case-0124,review-backfill-1ab04d95aaba726cb1621ae4,,,,,,,,
reviewer2-case-0125,review-backfill-908dea8f316dd06281659494,,,,,,,,
reviewer2-case-0126,review-backfill-1ac75a818c5423945b12abf9,,,,,,,,
reviewer2-case-0127,review-backfill-0b9eff33379b232a165e6aca,,,,,,,,
reviewer2-case-0128,review-backfill-c291950d1c54ab966cbaca44,,,,,,,,
reviewer2-case-0129,review-backfill-2c3099a307592553a40ec707,,,,,,,,
reviewer2-case-0130,review-backfill-bebe7be11c657354e4653316,,,,,,,,
reviewer2-case-0131,review-backfill-86689288dc121a56cea9dd10,,,,,,,,
reviewer2-case-0132,review-backfill-2abb9c8f44a21b72d6d8a349,,,,,,,,
reviewer2-case-0133,review-backfill-4dd34384b9f4e381bb59f08c,,,,,,,,
reviewer2-case-0134,review-backfill-bd786b2a7a853bb2c4ed5c64,,,,,,,,
reviewer2-case-0135,review-backfill-1a5e11aaab2238159be74f3e,,,,,,,,
reviewer2-case-0136,review-backfill-cb998559e1667e8772ca935b,,,,,,,,
reviewer2-case-0137,review-backfill-6f9d4a4e9549bf2225cb41fe,,,,,,,,
reviewer2-case-0138,review-backfill-66b323385c35ad380b4dccde,,,,,,,,
reviewer2-case-0139,review-backfill-3fabc461b62bcf7ba611282e,,,,,,,,
reviewer2-case-0140,review-backfill-8140b9c90a4f3f52c953ff4f,,,,,,,,
reviewer2-case-0141,review-backfill-07d12d47242a5f22dd575b5b,,,,,,,,
reviewer2-case-0142,review-backfill-2bd820ad4b23ea804c6d7e38,,,,,,,,
reviewer2-case-0143,review-backfill-154b7d39e34ec4deeb6862a2,,,,,,,,
reviewer2-case-0144,review-backfill-b2868fa137535e7af131881d,,,,,,,,
reviewer2-case-0145,review-backfill-d8a74a88c85934011d06e0b4,,,,,,,,
reviewer2-case-0146,review-backfill-f8842571a6921fd0467a3bca,,,,,,,,
