family_id,required_field,current_sources,candidate_sources,field_status,claim_strength,promotion_rule
stale_read,evidence_timestamp,,captured_at in Level 4 backfill reviewer packets,missing_exact,blocked_for_current_p0_freeze,"Field must be packet-visible, non-empty, and source-mapped before family-level measurement."
stale_read,action_timestamp,,,missing_exact,blocked_for_current_p0_freeze,"Field must be packet-visible, non-empty, and source-mapped before family-level measurement."
stale_read,latest_state_timestamp,,,missing_exact,blocked_for_current_p0_freeze,"Field must be packet-visible, non-empty, and source-mapped before family-level measurement."
stale_read,subject_cluster_hash,source_subject_hash,source_subject_hash,available_exact,eligible_for_field_level_measurement,"Field must be packet-visible, non-empty, and source-mapped before family-level measurement."
stale_read,source_type,,workflow_source in Level 4 backfill reviewer packets,missing_in_p0_freeze,blocked_for_current_p0_freeze,"Field must be packet-visible, non-empty, and source-mapped before family-level measurement."
identity_time_split,subject_cluster_hash,source_subject_hash,source_subject_hash,available_exact,eligible_for_field_level_measurement,"Field must be packet-visible, non-empty, and source-mapped before family-level measurement."
identity_time_split,canonical_identity_hash,,,missing_exact,blocked_for_current_p0_freeze,"Field must be packet-visible, non-empty, and source-mapped before family-level measurement."
identity_time_split,action_target_hash,,,missing_exact,blocked_for_current_p0_freeze,"Field must be packet-visible, non-empty, and source-mapped before family-level measurement."
identity_time_split,identity_conflict_flag,observed_change_type,observed_change_type == identity_conflict_masked,derivable_from_masked_field,eligible_after_derivation_rule_review,"Field must be packet-visible, non-empty, and source-mapped before family-level measurement."
authority_expiry,decision_id,queue_id|event_id,queue_id|event_id,available_exact,eligible_for_field_level_measurement,"Field must be packet-visible, non-empty, and source-mapped before family-level measurement."
authority_expiry,authority_issued_at,,,missing_exact,blocked_for_current_p0_freeze,"Field must be packet-visible, non-empty, and source-mapped before family-level measurement."
authority_expiry,authority_expires_at,,,missing_exact,blocked_for_current_p0_freeze,"Field must be packet-visible, non-empty, and source-mapped before family-level measurement."
authority_expiry,permission_hash,,,missing_exact,blocked_for_current_p0_freeze,"Field must be packet-visible, non-empty, and source-mapped before family-level measurement."
authority_expiry,policy_hash,,,missing_exact,blocked_for_current_p0_freeze,"Field must be packet-visible, non-empty, and source-mapped before family-level measurement."
materialization_race,materialization_timestamp,,,missing_exact,blocked_for_current_p0_freeze,"Field must be packet-visible, non-empty, and source-mapped before family-level measurement."
materialization_race,latest_state_timestamp,,,missing_exact,blocked_for_current_p0_freeze,"Field must be packet-visible, non-empty, and source-mapped before family-level measurement."
materialization_race,action_type,action_type,action_type,available_exact,eligible_for_field_level_measurement,"Field must be packet-visible, non-empty, and source-mapped before family-level measurement."
materialization_race,state_delta_hash,masked_state_before|masked_state_after,sha256(masked_state_before || masked_state_after),derivable_from_masked_field,eligible_after_derivation_rule_review,"Field must be packet-visible, non-empty, and source-mapped before family-level measurement."
materialization_race,output_hash,,,missing_exact,blocked_for_current_p0_freeze,"Field must be packet-visible, non-empty, and source-mapped before family-level measurement."
visibility_truth_confusion,visibility_status,operator_visual_verdict,operator_visual_verdict,derivable_from_masked_field,eligible_after_derivation_rule_review,"Field must be packet-visible, non-empty, and source-mapped before family-level measurement."
visibility_truth_confusion,fetch_status,,,missing_exact,blocked_for_current_p0_freeze,"Field must be packet-visible, non-empty, and source-mapped before family-level measurement."
visibility_truth_confusion,unblock_proof_timestamp,,,missing_exact,blocked_for_current_p0_freeze,"Field must be packet-visible, non-empty, and source-mapped before family-level measurement."
visibility_truth_confusion,independent_source_evidence,,,missing_exact,blocked_for_current_p0_freeze,"Field must be packet-visible, non-empty, and source-mapped before family-level measurement."
context_contamination,reviewer_id,reviewer_id_hash,reviewer_id_hash,available_exact,eligible_for_field_level_measurement,"Field must be packet-visible, non-empty, and source-mapped before family-level measurement."
context_contamination,rationale_short,,rationale_short in response sheet,missing_until_response,blocked_until_response,"Field must be packet-visible, non-empty, and source-mapped before family-level measurement."
context_contamination,packet_field_citations,,,missing_exact,blocked_for_current_p0_freeze,"Field must be packet-visible, non-empty, and source-mapped before family-level measurement."
context_contamination,non_packet_fact_flags,,,missing_exact,blocked_for_current_p0_freeze,"Field must be packet-visible, non-empty, and source-mapped before family-level measurement."
