family_a,family_b,family_a_count,family_b_count,overlap_count,overlap_rate_of_a,overlap_rate_of_b,relationship,claim_boundary
stale_read,stale_read,48,48,48,1.0000,1.0000,same_set,Families are non-exclusive diagnostic slices; counts must not be summed as independent evidence.
stale_read,materialization_race,48,48,48,1.0000,1.0000,same_set,Families are non-exclusive diagnostic slices; counts must not be summed as independent evidence.
stale_read,authority_expiry,48,146,48,1.0000,0.3288,subset_of_family_b,Families are non-exclusive diagnostic slices; counts must not be summed as independent evidence.
stale_read,visibility_truth_confusion,48,7,6,0.1250,0.8571,partial_overlap,Families are non-exclusive diagnostic slices; counts must not be summed as independent evidence.
stale_read,identity_time_split,48,4,0,0.0000,0.0000,disjoint,Families are non-exclusive diagnostic slices; counts must not be summed as independent evidence.
materialization_race,stale_read,48,48,48,1.0000,1.0000,same_set,Families are non-exclusive diagnostic slices; counts must not be summed as independent evidence.
materialization_race,materialization_race,48,48,48,1.0000,1.0000,same_set,Families are non-exclusive diagnostic slices; counts must not be summed as independent evidence.
materialization_race,authority_expiry,48,146,48,1.0000,0.3288,subset_of_family_b,Families are non-exclusive diagnostic slices; counts must not be summed as independent evidence.
materialization_race,visibility_truth_confusion,48,7,6,0.1250,0.8571,partial_overlap,Families are non-exclusive diagnostic slices; counts must not be summed as independent evidence.
materialization_race,identity_time_split,48,4,0,0.0000,0.0000,disjoint,Families are non-exclusive diagnostic slices; counts must not be summed as independent evidence.
authority_expiry,stale_read,146,48,48,0.3288,1.0000,superset_of_family_b,Families are non-exclusive diagnostic slices; counts must not be summed as independent evidence.
authority_expiry,materialization_race,146,48,48,0.3288,1.0000,superset_of_family_b,Families are non-exclusive diagnostic slices; counts must not be summed as independent evidence.
authority_expiry,authority_expiry,146,146,146,1.0000,1.0000,same_set,Families are non-exclusive diagnostic slices; counts must not be summed as independent evidence.
authority_expiry,visibility_truth_confusion,146,7,7,0.0479,1.0000,superset_of_family_b,Families are non-exclusive diagnostic slices; counts must not be summed as independent evidence.
authority_expiry,identity_time_split,146,4,4,0.0274,1.0000,superset_of_family_b,Families are non-exclusive diagnostic slices; counts must not be summed as independent evidence.
visibility_truth_confusion,stale_read,7,48,6,0.8571,0.1250,partial_overlap,Families are non-exclusive diagnostic slices; counts must not be summed as independent evidence.
visibility_truth_confusion,materialization_race,7,48,6,0.8571,0.1250,partial_overlap,Families are non-exclusive diagnostic slices; counts must not be summed as independent evidence.
visibility_truth_confusion,authority_expiry,7,146,7,1.0000,0.0479,subset_of_family_b,Families are non-exclusive diagnostic slices; counts must not be summed as independent evidence.
visibility_truth_confusion,visibility_truth_confusion,7,7,7,1.0000,1.0000,same_set,Families are non-exclusive diagnostic slices; counts must not be summed as independent evidence.
visibility_truth_confusion,identity_time_split,7,4,0,0.0000,0.0000,disjoint,Families are non-exclusive diagnostic slices; counts must not be summed as independent evidence.
identity_time_split,stale_read,4,48,0,0.0000,0.0000,disjoint,Families are non-exclusive diagnostic slices; counts must not be summed as independent evidence.
identity_time_split,materialization_race,4,48,0,0.0000,0.0000,disjoint,Families are non-exclusive diagnostic slices; counts must not be summed as independent evidence.
identity_time_split,authority_expiry,4,146,4,1.0000,0.0274,subset_of_family_b,Families are non-exclusive diagnostic slices; counts must not be summed as independent evidence.
identity_time_split,visibility_truth_confusion,4,7,0,0.0000,0.0000,disjoint,Families are non-exclusive diagnostic slices; counts must not be summed as independent evidence.
identity_time_split,identity_time_split,4,4,4,1.0000,1.0000,same_set,Families are non-exclusive diagnostic slices; counts must not be summed as independent evidence.
