action_target_hash,action_timestamp,action_type,authority_expires_at,authority_issued_at,canonical_identity_hash,decision_id,evidence_timestamp,expected_result,family_id,fetch_status,fixture_id,fixture_payload_hash,fixture_type,identity_conflict_flag,independent_source_evidence,latest_state_timestamp,materialization_timestamp,negative_control,non_packet_fact_flags,output_hash,packet_field_citations,permission_hash,policy_hash,positive_test,rationale_short,required_fields,reviewer_id,source_type,state_delta_hash,subject_cluster_hash,synthetic_only,unblock_proof_timestamp,visibility_status
,2026-07-18T10:10:00+00:00,,,,,,2026-07-18T10:00:00+00:00,detect_stale_read,stale_read,,stale_read_positive_001,f30779dbd14122a8,positive,,,2026-07-18T10:08:00+00:00,,"Current evidence timestamp is newer than or equal to action time, identity is stable, and no newer superseding record exists.",,,,,,"Decision used an older PDP, screenshot, cache, or state snapshot while a newer packet-visible state superseded it.",,"evidence_timestamp,action_timestamp,latest_state_timestamp,subject_cluster_hash,source_type",,masked_shadow_packet,,synthetic_subject_hash_A,True,,
,2026-07-18T10:10:00+00:00,,,,,,2026-07-18T10:05:00+00:00,do_not_detect_stale_read,stale_read,,stale_read_negative_001,e80fad6451b21809,negative,,,2026-07-18T10:05:00+00:00,,"Current evidence timestamp is newer than or equal to action time, identity is stable, and no newer superseding record exists.",,,,,,"Decision used an older PDP, screenshot, cache, or state snapshot while a newer packet-visible state superseded it.",,"evidence_timestamp,action_timestamp,latest_state_timestamp,subject_cluster_hash,source_type",,masked_shadow_packet,,synthetic_subject_hash_A,True,,
synthetic_target_B,,,,,synthetic_canonical_A,,,detect_identity_time_split,identity_time_split,,identity_time_split_positive_001,8b3ce7583432f162,positive,true,,,,"Stable canonical identity across capture, review packet, and action target with no conflicting aliases.",,,,,,Packet-visible identity conflict exists between evidence capture and action-time target identity.,,"subject_cluster_hash,canonical_identity_hash,action_target_hash,identity_conflict_flag",,,,synthetic_subject_hash_A,True,,
synthetic_canonical_A,,,,,synthetic_canonical_A,,,do_not_detect_identity_time_split,identity_time_split,,identity_time_split_negative_001,5470870c28e8b2bd,negative,false,,,,"Stable canonical identity across capture, review packet, and action target with no conflicting aliases.",,,,,,Packet-visible identity conflict exists between evidence capture and action-time target identity.,,"subject_cluster_hash,canonical_identity_hash,action_target_hash,identity_conflict_flag",,,,synthetic_subject_hash_A,True,,
,,,2026-07-18T09:59:00+00:00,2026-07-17T00:00:00+00:00,,synthetic_decision_001,,detect_authority_expiry,authority_expiry,,authority_expiry_positive_001,0328865e6a7a3b2b,positive,,,,,"Lease-like authority fields are present, unexpired, permission-stable, and policy-stable at action time.",,,,synthetic_permission_v1,synthetic_policy_v1,"Risk signal or prior decision is present, but packet-visible authority is expired, missing, or unresolved at action time.",,"decision_id,authority_issued_at,authority_expires_at,permission_hash,policy_hash",,,,,True,,
,,,2026-07-18T12:00:00+00:00,2026-07-18T09:00:00+00:00,,synthetic_decision_002,,do_not_detect_authority_expiry,authority_expiry,,authority_expiry_negative_001,e8abe19e38149c90,negative,,,,,"Lease-like authority fields are present, unexpired, permission-stable, and policy-stable at action time.",,,,synthetic_permission_v1,synthetic_policy_v1,"Risk signal or prior decision is present, but packet-visible authority is expired, missing, or unresolved at action time.",,"decision_id,authority_issued_at,authority_expires_at,permission_hash,policy_hash",,,,,True,,
,,manual_review_before_materialization,,,,,,detect_materialization_race,materialization_race,,materialization_race_positive_001,b6f0945c3044b06d,positive,,,2026-07-18T10:08:00+00:00,2026-07-18T10:10:00+00:00,Materialized output matches the latest packet-visible state and no later conflicting state appears before action.,,synthetic_output_old,,,,"Price, availability, seller, stock, or workflow state changes while the decision is being materialized.",,"materialization_timestamp,latest_state_timestamp,action_type,state_delta_hash,output_hash",,,synthetic_delta_changed,,True,,
,,manual_review_before_materialization,,,,,,do_not_detect_materialization_race,materialization_race,,materialization_race_negative_001,2be447eeff3e3737,negative,,,2026-07-18T10:05:00+00:00,2026-07-18T10:06:00+00:00,Materialized output matches the latest packet-visible state and no later conflicting state appears before action.,,synthetic_output_latest,,,,"Price, availability, seller, stock, or workflow state changes while the decision is being materialized.",,"materialization_timestamp,latest_state_timestamp,action_type,state_delta_hash,output_hash",,,synthetic_delta_stable,,True,,
,,,,,,,,detect_visibility_truth_confusion,visibility_truth_confusion,blocked,visibility_truth_confusion_positive_001,55aedb0b994b42e2,positive,,,,,Fresh accessible page or independent source confirms the product/workflow state after visibility is restored.,,,,,,"Blocked access, timeout, empty page, or unavailable visibility is treated as product/workflow truth.",,"visibility_status,fetch_status,unblock_proof_timestamp,independent_source_evidence",,,,,True,,blocked_pdp
,,,,,,,,do_not_detect_visibility_truth_confusion,visibility_truth_confusion,ok,visibility_truth_confusion_negative_001,751dc0d9dc39ebb4,negative,,synthetic_independent_hash,,,Fresh accessible page or independent source confirms the product/workflow state after visibility is restored.,,,,,,"Blocked access, timeout, empty page, or unavailable visibility is treated as product/workflow truth.",,"visibility_status,fetch_status,unblock_proof_timestamp,independent_source_evidence",,,,,True,2026-07-18T10:07:00+00:00,visible_fresh
,,,,,,,,detect_context_contamination,context_contamination,,context_contamination_positive_001,1d9b702359bbfab3,positive,,,,,Reviewer rationale cites only packet-visible fields and uses no non-packet factual additions.,true,,,,,"Reviewer or model imports outside memory, jargon, or ontology not present in the packet.",imports outside packet context,"reviewer_id,rationale_short,packet_field_citations,non_packet_fact_flags",synthetic_reviewer_A,,,,True,,
,,,,,,,,do_not_detect_context_contamination,context_contamination,,context_contamination_negative_001,6c8a4e5285961817,negative,,,,,Reviewer rationale cites only packet-visible fields and uses no non-packet factual additions.,false,,"case_fields:state_before,state_after",,,"Reviewer or model imports outside memory, jargon, or ontology not present in the packet.",cites packet fields only,"reviewer_id,rationale_short,packet_field_citations,non_packet_fact_flags",synthetic_reviewer_A,,,,True,,
