fixture_id,family_id,fixture_type,expected_result,assertion_state,claim_boundary
stale_read_positive_001,stale_read,positive,detect_stale_read,pass,Synthetic fixture assertion only; not an empirical outcome row.
stale_read_negative_001,stale_read,negative,do_not_detect_stale_read,pass,Synthetic fixture assertion only; not an empirical outcome row.
identity_time_split_positive_001,identity_time_split,positive,detect_identity_time_split,pass,Synthetic fixture assertion only; not an empirical outcome row.
identity_time_split_negative_001,identity_time_split,negative,do_not_detect_identity_time_split,pass,Synthetic fixture assertion only; not an empirical outcome row.
authority_expiry_positive_001,authority_expiry,positive,detect_authority_expiry,pass,Synthetic fixture assertion only; not an empirical outcome row.
authority_expiry_negative_001,authority_expiry,negative,do_not_detect_authority_expiry,pass,Synthetic fixture assertion only; not an empirical outcome row.
materialization_race_positive_001,materialization_race,positive,detect_materialization_race,pass,Synthetic fixture assertion only; not an empirical outcome row.
materialization_race_negative_001,materialization_race,negative,do_not_detect_materialization_race,pass,Synthetic fixture assertion only; not an empirical outcome row.
visibility_truth_confusion_positive_001,visibility_truth_confusion,positive,detect_visibility_truth_confusion,pass,Synthetic fixture assertion only; not an empirical outcome row.
visibility_truth_confusion_negative_001,visibility_truth_confusion,negative,do_not_detect_visibility_truth_confusion,pass,Synthetic fixture assertion only; not an empirical outcome row.
context_contamination_positive_001,context_contamination,positive,detect_context_contamination,pass,Synthetic fixture assertion only; not an empirical outcome row.
context_contamination_negative_001,context_contamination,negative,do_not_detect_context_contamination,pass,Synthetic fixture assertion only; not an empirical outcome row.
