target_id,priority,stratum_group,stratum_value,current,minimum,gap,negative_control_minimum,collection_lane,review_lane,available_execution_batches,pending_queue_count,closure_state,claim_boundary
independent_review:action_type:confirm_visual_price_before_update,P0,action_type,confirm_visual_price_before_update,1,100,99,10,visual_price_before_update_shadow_event,independent_review_execution_or_source_collection,27,2608,execution_plan_closed_review_or_source_collection_still_required,"Target is a masked source/review plan, not collected or reviewed evidence."
total:action_type:resolve_official_truth_identity_guard,P0,action_type,resolve_official_truth_identity_guard,4,100,96,10,official_truth_identity_guard_shadow_event,source_collection_then_independent_review,27,2608,execution_plan_closed_review_or_source_collection_still_required,"Target is a masked source/review plan, not collected or reviewed evidence."
independent_review:exposure_band:material,P0,exposure_band,material,8,100,92,10,material_exposure_shadow_event,independent_review_execution_or_source_collection,27,2608,execution_plan_closed_review_or_source_collection_still_required,"Target is a masked source/review plan, not collected or reviewed evidence."
independent_review:likelihood_band:possible,P0,likelihood_band,possible,8,100,92,10,possible_likelihood_shadow_event,independent_review_execution_or_source_collection,27,2608,execution_plan_closed_review_or_source_collection_still_required,"Target is a masked source/review plan, not collected or reviewed evidence."
independent_review:action_type:resolve_seller_comparability_before_materialization,P1,action_type,resolve_seller_comparability_before_materialization,20,100,80,8,seller_comparability_shadow_event,independent_review_execution_or_source_collection,27,2608,execution_plan_closed_review_or_source_collection_still_required,"Target is a masked source/review plan, not collected or reviewed evidence."
independent_review:action_type:confirm_offer_condition_comparability,P1,action_type,confirm_offer_condition_comparability,25,100,75,8,condition_comparability_shadow_event,independent_review_execution_or_source_collection,27,2608,execution_plan_closed_review_or_source_collection_still_required,"Target is a masked source/review plan, not collected or reviewed evidence."
total:action_type:confirm_offer_condition_comparability,P1,action_type,confirm_offer_condition_comparability,25,100,75,8,condition_comparability_shadow_event,source_collection_then_independent_review,27,2608,execution_plan_closed_review_or_source_collection_still_required,"Target is a masked source/review plan, not collected or reviewed evidence."
independent_review:action_type:recheck_identity_and_source_before_materialization,P1,action_type,recheck_identity_and_source_before_materialization,29,100,71,8,identity_source_recheck_shadow_event,independent_review_execution_or_source_collection,27,2608,execution_plan_closed_review_or_source_collection_still_required,"Target is a masked source/review plan, not collected or reviewed evidence."
total:action_type:manual_review_before_materialization,P2,action_type,manual_review_before_materialization,52,100,48,5,manual_review_before_materialization_shadow_event,source_collection_then_independent_review,27,2608,execution_plan_closed_review_or_source_collection_still_required,"Target is a masked source/review plan, not collected or reviewed evidence."
independent_review:timing:scheduled,P2,timing,scheduled,91,100,9,5,scheduled_action_shadow_event,independent_review_execution_or_source_collection,27,2608,execution_plan_closed_review_or_source_collection_still_required,"Target is a masked source/review plan, not collected or reviewed evidence."
total:action_type:recheck_primary_offer_availability,P2,action_type,recheck_primary_offer_availability,95,100,5,5,availability_recheck_shadow_event,source_collection_then_independent_review,27,2608,execution_plan_closed_review_or_source_collection_still_required,"Target is a masked source/review plan, not collected or reviewed evidence."
total:timing:scheduled,P2,timing,scheduled,95,100,5,5,scheduled_action_shadow_event,source_collection_then_independent_review,27,2608,execution_plan_closed_review_or_source_collection_still_required,"Target is a masked source/review plan, not collected or reviewed evidence."
